"Time (s)";"Gyroscope x (rad/s)";"Gyroscope y (rad/s)";"Gyroscope z (rad/s)";"Absolute (rad/s)"
2,120541666E-2;4,554086830E-3;-1,811040565E-2;7,251800038E-3;2,003285061E-2
3,127241667E-2;3,595435247E-2;-2,179968171E-2;1,254882757E-2;4,387954714E-2
4,133941667E-2;5,853827298E-2;-4,738147557E-2;4,797847476E-3;7,546358705E-2
5,140641666E-2;6,698528677E-2;-8,711930364E-2;1,329492964E-2;1,106957852E-1
6,147341667E-2;7,157151401E-2;-1,150777340E-1;1,736680418E-2;1,366271290E-1
7,153941666E-2;6,314153969E-2;-9,425713867E-2;1,909546182E-2;1,150473767E-1
8,160641667E-2;4,976155609E-2;-6,053323299E-2;2,433532849E-2;8,205298881E-2
9,167341667E-2;3,701566905E-2;-4,204796255E-2;3,018602915E-2;6,363479603E-2
1,017404167E-1;2,341601066E-2;-4,057234153E-2;3,020445444E-2;5,573807963E-2
1,118074167E-1;1,317296177E-2;-2,892234176E-2;2,227622457E-2;3,881055212E-2
1,218744167E-1;2,119549783E-3;-4,976592027E-4;1,826236024E-2;1,839168175E-2
1,319404167E-1;7,039739750E-3;1,229563449E-2;1,817261241E-2;2,304309886E-2
1,420074167E-1;1,659702696E-2;1,114541478E-2;1,974387839E-2;2,809808372E-2
1,520744167E-1;2,971016616E-2;-1,429709513E-2;3,179495037E-2;4,580414578E-2
1,621414167E-1;4,920027405E-2;-4,280443490E-2;3,675397485E-2;7,485814105E-2
1,722084167E-1;4,990574345E-2;-5,551756546E-2;4,137882218E-2;8,535215421E-2
1,822744167E-1;3,025463037E-2;-4,561623558E-2;4,764198139E-2;7,256681059E-2
1,923414167E-1;-1,629264909E-3;-2,140250802E-2;4,786701873E-2;5,245925405E-2
2,024084167E-1;-1,885349303E-2;-1,272359863E-2;4,031557590E-2;4,628919768E-2
2,124754167E-1;-3,687244281E-2;-3,481664881E-2;3,641590849E-2;6,243311993E-2
2,225424167E-1;-4,602155089E-2;-4,711376131E-2;3,782611713E-2;7,595067339E-2
2,326094167E-1;-5,263684317E-2;-6,793515384E-2;3,959552199E-2;9,462361095E-2
2,426754167E-1;-4,688063264E-2;-9,495449066E-2;4,204481468E-2;1,139382089E-1
2,527424167E-1;-3,620029241E-2;-1,094165221E-1;2,619873732E-2;1,181897217E-1
2,628094167E-1;-2,838772722E-2;-1,156863645E-1;1,352348644E-2;1,198836213E-1
2,728764167E-1;-3,209937736E-2;-1,250596195E-1;5,225076340E-3;1,292191158E-1
2,829434167E-1;-5,597857013E-2;-1,277438700E-1;8,954886347E-3;1,397579573E-1
2,930094167E-1;-6,760805845E-2;-1,077214181E-1;1,216079947E-2;1,277600819E-1
3,030764167E-1;-6,925222278E-2;-9,228929877E-2;2,219426259E-2;1,174979588E-1
3,131434167E-1;-6,546015292E-2;-9,359637648E-2;2,714401484E-2;1,173972353E-1
3,232104167E-1;-5,295869708E-2;-1,174172908E-1;3,291470557E-2;1,329466871E-1
3,332774167E-1;-3,325343505E-2;-1,658921391E-1;3,315039352E-2;1,724092264E-1
3,433444167E-1;-1,289440412E-2;-2,331268042E-1;3,762125596E-2;2,364946752E-1
3,534104167E-1;7,807146292E-3;-2,887432277E-1;4,595881701E-2;2,924821635E-1
3,634774167E-1;1,987297274E-2;-3,141203225E-1;5,693376064E-2;3,198561632E-1
3,735444167E-1;2,324719913E-2;-3,235444427E-1;7,265733182E-2;3,324161947E-1
3,836114167E-1;1,460885163E-2;-3,411118984E-1;9,510096163E-2;3,544219783E-1
3,936784167E-1;2,164758556E-2;-4,143203497E-1;1,644001305E-1;4,462705155E-1
4,037444167E-1;1,787972078E-2;-4,375315309E-1;2,101408839E-1;4,857084681E-1
4,138114167E-1;-9,807033464E-3;-4,323208034E-1;2,386782467E-1;4,939278899E-1
4,238784167E-1;-8,501391113E-2;-4,896861017E-1;2,832711637E-1;5,720685234E-1
4,339454167E-1;-1,814408600E-1;-5,025449395E-1;3,495348692E-1;6,384722599E-1
4,440124167E-1;-2,695671022E-1;-4,290186763E-1;3,824724555E-1;6,348296042E-1
4,540794167E-1;-3,430511653E-1;-3,432427943E-1;3,920233250E-1;6,238445361E-1
4,641454167E-1;-4,034813344E-1;-2,804751694E-1;3,918696046E-1;6,285103777E-1
4,742124167E-1;-4,292575419E-1;-2,288377881E-1;3,924589753E-1;6,250222539E-1
4,842794167E-1;-4,115460217E-1;-1,847695559E-1;3,929861188E-1;5,982875616E-1
4,943464167E-1;-3,678347468E-1;-1,912040263E-1;3,958791196E-1;5,732204271E-1
5,044134167E-1;-3,076505363E-1;-2,451686263E-1;4,204700887E-1;5,758051783E-1
5,144794167E-1;-2,452811748E-1;-3,068927228E-1;4,633541703E-1;6,074891647E-1
5,245464167E-1;-1,808859557E-1;-3,420733809E-1;5,032528043E-1;6,348206927E-1
5,346134167E-1;-1,202050298E-1;-3,306864798E-1;5,264356136E-1;6,331960616E-1
5,446804167E-1;-7,963435352E-2;-2,889697254E-1;5,080475807E-1;5,898792052E-1
5,547474167E-1;-5,489918590E-2;-2,332643867E-1;4,662461281E-1;5,242248054E-1
5,648144167E-1;-4,415835068E-2;-1,663309485E-1;4,098433256E-1;4,445081505E-1
5,748804167E-1;-3,339092433E-2;-1,147558913E-1;3,598600626E-1;3,791874643E-1
5,849474167E-1;-2,178620547E-2;-6,808216125E-2;3,219866157E-1;3,298260149E-1
5,950144167E-1;6,802212447E-4;-3,153107315E-2;2,983752787E-1;3,000374614E-1
6,050814167E-1;2,950233594E-2;-5,340438709E-2;2,936396301E-1;2,999110680E-1
6,151484167E-1;5,343403295E-2;-1,319404840E-1;3,062832654E-1;3,377468369E-1
6,252154167E-1;5,459172651E-2;-2,227866203E-1;3,364483714E-1;4,071997561E-1
6,352814167E-1;4,141733423E-2;-2,770117819E-1;3,673522174E-1;4,619508357E-1
6,453484167E-1;2,826125594E-3;-2,793069482E-1;3,815982640E-1;4,729033658E-1
6,554154167E-1;-3,776151687E-2;-2,137543112E-1;3,906950951E-1;4,469446219E-1
6,654824167E-1;-7,684899122E-2;-1,169161797E-1;3,908615410E-1;4,151480516E-1
6,755494167E-1;-9,594279528E-2;-8,808620274E-3;3,793053031E-1;3,913503861E-1
6,856164167E-1;-9,062305093E-2;8,964944631E-2;3,596659005E-1;3,815876315E-1
6,956824167E-1;-5,768747628E-2;1,347799003E-1;3,326803744E-1;3,635515066E-1
7,057494167E-1;-9,799453430E-3;9,707985818E-2;3,052567244E-1;3,204718333E-1
7,158164167E-1;2,346209623E-2;-6,171429064E-3;2,784285843E-1;2,794835113E-1
7,258834167E-1;2,521714568E-2;-9,258950502E-2;2,504551113E-1;2,682097754E-1
7,359504167E-1;6,705246400E-3;-1,149488762E-1;2,278848290E-1;2,553227365E-1
7,460164167E-1;-3,001491912E-2;-8,876606822E-2;2,031152546E-1;2,236875430E-1
7,560834167E-1;-6,476677209E-2;-2,868435346E-2;1,810432374E-1;1,944072548E-1
7,661504167E-1;-8,536592871E-2;1,858964562E-2;1,717619449E-1;1,927046508E-1
7,762174167E-1;-9,016814083E-2;1,273681596E-2;1,734882146E-1;1,959353993E-1
7,862843750E-1;-8,333604038E-2;-9,271908551E-3;1,801230609E-1;1,986836204E-1
7,963513750E-1;-6,118120626E-2;-3,745108098E-2;1,821803451E-1;1,957942839E-1
8,064173750E-1;-3,785301745E-2;-5,752968416E-2;1,932923496E-1;2,051936839E-1
8,164843750E-1;-1,109464001E-2;-7,318507880E-2;1,975992024E-1;2,110085107E-1
8,265513750E-1;4,019769281E-2;-3,646391630E-2;1,849536002E-1;1,927519284E-1
8,366183750E-1;1,292830855E-1;2,541649714E-2;1,697706580E-1;2,149004207E-1
8,466853750E-1;2,310231924E-1;9,180869907E-2;1,475904584E-1;2,891081045E-1
8,567523750E-1;3,214636147E-1;1,429840028E-1;1,385767311E-1;3,781359425E-1
8,668183750E-1;3,825967908E-1;1,842821687E-1;1,492598802E-1;4,501319072E-1
8,768853750E-1;4,048104882E-1;1,217199862E-1;1,805142015E-1;4,596440616E-1
8,869523750E-1;3,970477581E-1;6,994964182E-2;2,229289412E-1;4,606920744E-1
8,970193750E-1;3,520959914E-1;7,891197503E-2;2,632529140E-1;4,466551059E-1
9,070863750E-1;2,955787480E-1;4,187070206E-2;2,542724311E-1;3,921408181E-1
9,171533750E-1;2,370134443E-1;1,143742912E-2;2,220572382E-1;3,249855452E-1
9,272193750E-1;1,945773661E-1;-4,618209787E-3;1,993623078E-1;2,786162397E-1
9,372863750E-1;1,534530967E-1;-2,687418135E-3;1,731943488E-1;2,314116626E-1
9,473533750E-1;1,239170954E-1;1,871252060E-2;1,306040734E-1;1,810056047E-1
9,574203750E-1;8,302158862E-2;3,956826776E-2;9,841605276E-2;1,346994856E-1
9,674873750E-1;2,638809942E-2;7,809225470E-2;8,406715840E-2;1,177370764E-1
9,775543750E-1;-2,518614568E-2;1,657696366E-1;6,900990754E-2;1,813181781E-1
9,876203750E-1;-6,827604026E-2;2,467018217E-1;2,921267785E-2;2,576369287E-1
9,976873750E-1;-9,786429256E-2;2,796981037E-1;5,610412452E-3;2,963780115E-1
1,007754375E0;-1,072810814E-1;2,812896967E-1;-1,698621083E-3;3,010581492E-1
1,017821375E0;-1,020538285E-1;2,787330449E-1;-6,267007440E-3;2,968945429E-1
1,027888375E0;-9,380878508E-2;2,450213432E-1;-1,140117738E-2;2,626128969E-1
1,037955375E0;-8,671039343E-2;2,045500875E-1;-1,086534932E-2;2,224353534E-1
1,048021375E0;-8,692357689E-2;1,770870835E-1;-1,318238582E-2;1,977101885E-1
1,058088375E0;-1,111708581E-1;1,598327309E-1;-3,228444234E-2;1,973518350E-1
1,068155375E0;-1,730167866E-1;1,589633971E-1;-5,577513203E-2;2,414850625E-1
1,078222375E0;-2,667134404E-1;8,805860579E-2;-6,714443117E-2;2,887884208E-1
1,088289375E0;-3,406259716E-1;5,168616306E-3;-7,960554957E-2;3,498425512E-1
1,098356375E0;-3,641012013E-1;-4,077969864E-2;-9,269551933E-2;3,779221188E-1
1,108422375E0;-3,329493105E-1;-1,381360274E-2;-9,561777115E-2;3,466825885E-1
1,118489375E0;-2,746042609E-1;8,479186334E-3;-6,974835694E-2;2,834505777E-1
1,128556375E0;-1,949343979E-1;4,759690166E-2;-2,730219439E-2;2,025099858E-1
1,138623375E0;-1,252964735E-1;5,567639694E-2;-8,275771514E-3;1,373592219E-1
1,148690375E0;-7,322849333E-2;8,423195221E-3;-3,406231478E-2;8,120100825E-2
1,158757375E0;-2,168828696E-1;-4,897128344E-1;-5,679266155E-2;5,385928385E-1
1,168823375E0;-4,355826080E-1;-8,080643415E-1;-1,549202353E-1;9,309674902E-1
1,178890375E0;-6,744742990E-1;-9,725384712E-1;-2,749715447E-1;1,215053912E0
1,188957375E0;-8,860836029E-1;-9,722112417E-1;-3,815361857E-1;1,369638168E0
1,199024375E0;-1,027920604E0;-7,686892748E-1;-5,598113537E-1;1,400318792E0
1,209091375E0;-1,088916540E0;-5,505184531E-1;-7,116094232E-1;1,412514697E0
1,219158375E0;-1,004074931E0;-3,333861232E-1;-7,442182302E-1;1,293512098E0
1,229224375E0;-7,412000895E-1;-5,608552694E-2;-7,299583554E-1;1,041807256E0
1,239291375E0;-4,238274395E-1;9,793919325E-2;-7,413358688E-1;8,595351386E-1
1,249358375E0;-9,235034883E-2;1,898497492E-1;-6,765701175E-1;7,087444095E-1
1,259425375E0;2,530618906E-1;2,110320032E-1;-5,810126662E-1;6,679450166E-1
1,269492375E0;6,456172466E-1;1,157549769E-1;-4,801662862E-1;8,128840669E-1
1,279558375E0;1,003067255E0;-9,184082597E-2;-4,297364056E-1;1,095103663E0
1,289625375E0;9,985341430E-1;-1,536361873E-1;-5,830116272E-1;1,166437770E0
1,299692375E0;9,096477032E-1;6,120741367E-2;-7,820373774E-1;1,201161001E0
1,309759375E0;4,694238305E-1;3,306100070E-1;-9,568445683E-1;1,115891230E0
1,319826375E0;2,703121305E-2;5,174584985E-1;-8,468450904E-1;9,927943348E-1
1,329893375E0;-4,647630155E-1;5,163133144E-1;-6,216844320E-1;9,322422605E-1
1,339959375E0;-8,454299569E-1;4,534560442E-1;-3,473705649E-1;1,020313925E0
1,350026375E0;-1,049746752E0;4,157573581E-1;-1,104393229E-1;1,134468716E0
1,360093375E0;-1,088982582E0;3,832641542E-1;2,061119769E-3;1,154460361E0
1,370160375E0;-1,049407244E0;2,655059099E-1;4,823994264E-2;1,083547896E0
1,380227375E0;-9,879214764E-1;1,402420104E-1;9,575766325E-2;1,002410193E0
1,390294375E0;-8,697572351E-1;5,376856774E-2;1,176849082E-1;8,793284053E-1
1,400360375E0;-6,835373044E-1;-7,605440915E-2;1,051273048E-1;6,957436812E-1
1,410427375E0;-4,794985056E-1;-2,663265765E-1;7,475773990E-2;5,535678656E-1
1,420494375E0;-2,900849283E-1;-4,315208793E-1;7,059469074E-2;5,247314982E-1
1,430561375E0;-1,143434346E-1;-4,821683168E-1;4,458235949E-2;4,975422531E-1
1,440628375E0;-3,788701072E-2;-4,001346827E-1;5,087301135E-2;4,051311555E-1
1,450695375E0;-5,600107461E-2;-3,162666559E-1;3,920235485E-2;3,235699965E-1
1,460762375E0;-1,449860781E-1;-2,309682965E-1;1,020925120E-4;2,727037354E-1
1,470828375E0;-2,956227958E-1;-2,491640449E-1;2,734442987E-2;3,875864762E-1
1,480895375E0;-4,888077080E-1;-3,651657403E-1;1,554171741E-1;6,296296461E-1
1,490962375E0;-6,750755906E-1;-4,212822616E-1;2,845639586E-1;8,450931567E-1
1,501029375E0;-8,207606673E-1;-4,067656398E-1;3,320707679E-1;9,743599713E-1
1,511096375E0;-8,800998330E-1;-3,758002520E-1;2,962146401E-1;1,001770761E0
1,521163375E0;-8,441317081E-1;-3,248649240E-1;2,410134524E-1;9,360464966E-1
1,531229375E0;-7,353760600E-1;-2,634266913E-1;1,932125241E-1;8,046754941E-1
1,541296375E0;-5,755139589E-1;-2,223375738E-1;1,347968876E-1;6,315223785E-1
1,551363375E0;-3,756167889E-1;-2,504571080E-1;6,282671541E-2;4,558112890E-1
1,561430375E0;-1,779359132E-1;-3,054995835E-1;-2,114275470E-2;3,541725579E-1
1,571497375E0;-2,276048809E-2;-3,470611572E-1;-1,234394461E-1;3,690620321E-1
1,581564375E0;9,069629759E-2;-4,337387979E-1;-2,285640091E-1;4,985946946E-1
1,591630375E0;1,506138444E-1;-4,948640466E-1;-2,452338636E-1;5,724636255E-1
1,601697375E0;1,748986840E-1;-4,358478487E-1;-2,394425422E-1;5,271485823E-1
1,611764375E0;1,975316107E-1;-2,653339505E-1;-2,563144267E-1;4,184709403E-1
1,621831375E0;2,257392704E-1;-1,660427898E-1;-2,788775265E-1;3,953493405E-1
1,631898375E0;2,637735903E-1;-8,581285924E-2;-2,829462886E-1;3,962309377E-1
1,641965375E0;2,857891619E-1;6,810107082E-2;-2,839705348E-1;4,085981713E-1
1,652031375E0;2,874625921E-1;2,484528571E-1;-2,728919387E-1;4,677965095E-1
1,662098375E0;2,746772766E-1;3,778971136E-1;-2,517485619E-1;5,306893377E-1
1,672165375E0;2,846553624E-1;4,222710133E-1;-2,121471763E-1;5,516773589E-1
1,682232375E0;3,286678195E-1;4,049144089E-1;-1,709824204E-1;5,488289371E-1
1,692299375E0;3,910757601E-1;3,543484509E-1;-1,198413521E-1;5,411700514E-1
1,702366375E0;4,305430055E-1;3,056698740E-1;-8,133071661E-2;5,342434247E-1
1,712432375E0;4,216245115E-1;2,461928129E-1;-6,121085957E-2;4,920618855E-1
1,722499375E0;3,467382789E-1;2,031784952E-1;-5,470129475E-2;4,055874339E-1
1,732566375E0;2,220693380E-1;2,059355676E-1;-4,682753235E-2;3,064589151E-1
1,742633375E0;4,940435663E-2;1,712015569E-1;-7,838857360E-3;1,783597803E-1
1,752700375E0;-1,223304868E-1;1,626273692E-1;7,702723891E-2;2,175904518E-1
1,762767375E0;-2,536637485E-1;1,763053685E-1;1,034828201E-1;3,257876215E-1
1,772834375E0;-3,511868715E-1;1,803169847E-1;4,267686605E-2;3,970739838E-1
1,782900000E0;-3,896498382E-1;2,072964013E-1;2,325715963E-3;4,413662916E-1
1,792967000E0;-3,890456855E-1;2,018793821E-1;4,032274336E-2;4,401565108E-1
1,803034000E0;-3,611916900E-1;1,908839792E-1;1,205241084E-1;4,259368394E-1
1,813101000E0;-3,284756541E-1;1,502967477E-1;1,856844127E-1;4,061576896E-1
1,823168000E0;-2,992653251E-1;7,698044181E-2;2,121351957E-1;3,748160408E-1
1,833235000E0;-2,371777892E-1;-1,458751690E-2;1,987893432E-1;3,098117208E-1
1,843301000E0;-1,386991590E-1;-1,028875560E-1;1,597351581E-1;2,352416345E-1
1,853368000E0;-2,794558369E-2;-2,163569927E-1;1,270378679E-1;2,524478636E-1
1,863435000E0;5,484436825E-2;-3,241668046E-1;1,356526613E-1;3,556594810E-1
1,873502000E0;7,000722736E-2;-3,683933020E-1;1,296228617E-1;3,967577638E-1
1,883569000E0;-6,159977987E-3;-3,212487102E-1;7,955808938E-2;3,310108287E-1
1,893636000E0;-1,351994127E-1;-2,193087637E-1;8,002730086E-3;2,577581400E-1
1,903702000E0;-3,023348749E-1;-1,410757452E-1;-5,256580934E-2;3,377453283E-1
1,913769000E0;-4,592869878E-1;-1,204577014E-1;-7,240825146E-2;4,803098478E-1
1,923836000E0;-5,608141422E-1;-1,652512699E-1;-6,021123379E-2;5,877464394E-1
1,933903000E0;-6,055117846E-1;-2,378759980E-1;-6,226206571E-2;6,535335313E-1
1,943970000E0;-5,967398882E-1;-3,185705841E-1;-6,393133104E-2;6,794651766E-1
1,954037000E0;-5,388477445E-1;-3,666284978E-1;-5,772749707E-2;6,542979528E-1
1,964104000E0;-4,784989357E-1;-2,809186578E-1;-1,102080122E-1;5,657051615E-1
1,974170000E0;-4,206341803E-1;-6,764055043E-2;-1,990032494E-1;4,702240434E-1
1,984237000E0;-3,483139277E-1;1,558450013E-1;-2,279888242E-1;4,445100231E-1
1,994304000E0;-2,644555271E-1;3,154850304E-1;-1,637008041E-1;4,430186040E-1
2,004371000E0;-1,580350697E-1;3,502970636E-1;-2,488806844E-2;3,851006777E-1
2,014438000E0;-4,815254360E-2;3,248292804E-1;1,039881036E-1;3,444506562E-1
2,024505000E0;3,422435373E-2;2,929871976E-1;1,473768502E-1;3,297464789E-1
2,034571000E0;1,181079596E-1;1,800996512E-1;1,430320144E-1;2,585411604E-1
2,044638000E0;2,179445326E-1;1,193167083E-2;1,312089115E-1;2,546722650E-1
2,054705000E0;3,026807606E-1;-1,490031928E-1;9,118352085E-2;3,494739315E-1
2,064772000E0;3,420521319E-1;-2,534584999E-1;1,501871180E-2;4,259887719E-1
2,074839000E0;3,362931907E-1;-1,816148013E-1;-1,252571195E-1;4,022019296E-1
2,084906000E0;3,071203828E-1;-4,440766573E-2;-2,538864613E-1;4,009405261E-1
2,094973000E0;2,770636082E-1;7,606126368E-2;-2,177737802E-1;3,605204268E-1
2,105039000E0;2,139981240E-1;1,796989739E-1;-9,302652627E-2;2,945180010E-1
2,115106000E0;1,269599646E-1;2,115293145E-1;-8,060468361E-3;2,468368989E-1
2,125173000E0;3,135887533E-2;2,237274051E-1;6,499299780E-3;2,260079019E-1
2,135240000E0;-5,251140893E-2;2,154563069E-1;-6,366373505E-3;2,218544545E-1
2,145307000E0;-1,217962131E-1;1,277354956E-1;-4,544504918E-3;1,765540339E-1
2,155374000E0;-1,714320928E-1;-5,858210474E-2;-1,331336703E-2;1,816537123E-1
2,165441000E0;-2,231112719E-1;-2,649571002E-1;-4,404731467E-2;3,491719784E-1
2,175507000E0;-2,912462652E-1;-4,350397289E-1;-9,250416607E-2;5,316398907E-1
2,185574000E0;-3,775763512E-1;-5,155915618E-1;-1,492987424E-1;6,562687514E-1
2,195641000E0;-4,709482193E-1;-4,520383477E-1;-1,535883993E-1;6,706118769E-1
2,205708000E0;-5,684843063E-1;-2,350871414E-1;-1,274500191E-1;6,282387110E-1
2,215775000E0;-6,432482004E-1;3,718157113E-2;-1,268996447E-1;6,566995024E-1
2,225842000E0;-6,774847507E-1;2,691617906E-1;-1,662187092E-2;7,291844373E-1
2,235908000E0;-6,836699843E-1;3,991436064E-1;1,513519436E-1;8,059948368E-1
2,245975000E0;-6,596024632E-1;4,382885993E-1;2,753207684E-1;8,384353471E-1
2,256042000E0;-6,066294312E-1;3,733491600E-1;3,033055663E-1;7,741983781E-1
2,266109000E0;-5,266448855E-1;2,310191840E-1;2,637017071E-1;6,326636462E-1
2,276176000E0;-4,106453359E-1;8,390221000E-2;2,163831592E-1;4,716893515E-1
2,286243000E0;-2,973406017E-1;2,671002038E-2;1,633678675E-1;3,403144410E-1
2,296310000E0;-2,575406134E-1;7,774996012E-2;9,351687878E-2;2,848115701E-1
2,306376000E0;-3,410131335E-1;1,860540658E-1;1,026805583E-2;3,886019887E-1
2,316443000E0;-5,489998460E-1;3,476050794E-1;-1,105986014E-1;6,591374460E-1
2,326510000E0;-8,251549602E-1;4,252985418E-1;-1,987364590E-1;9,493448994E-1
2,336577000E0;-1,109912395E0;3,804065883E-1;-1,942189336E-1;1,189258463E0
2,346644000E0;-1,346689224E0;2,578774989E-1;-1,164889783E-1;1,376096782E0
2,356711000E0;-1,494216323E0;1,001968160E-1;-2,278331295E-2;1,497745272E0
2,366778000E0;-1,569910049E0;-1,455612946E-2;5,471707135E-2;1,570930744E0
2,376844000E0;-1,578410029E0;-1,016322076E-1;1,356260777E-1;1,587482838E0
2,386911000E0;-1,539887428E0;-1,473336518E-1;2,192685157E-1;1,562382533E0
2,396978000E0;-1,477943420E0;-1,805495620E-1;2,911091447E-1;1,517122089E0
2,407045000E0;-1,405275941E0;-2,066847682E-1;3,457145989E-1;1,461861022E0
2,417112000E0;-1,350782990E0;-2,607593238E-1;3,522702754E-1;1,420107200E0
2,427179000E0;-1,351253748E0;-3,767293394E-1;2,980784178E-1;1,434106840E0
2,437245000E0;-1,419188738E0;-5,636796355E-1;1,936705261E-1;1,539265954E0
2,447312000E0;-1,483498931E0;-5,839857459E-1;9,345692582E-3;1,594332391E0
2,457379000E0;-1,474738836E0;-3,223195970E-1;-2,019306421E-1;1,522997223E0
2,467446000E0;-1,439121962E0;-5,928288773E-2;-2,861571014E-1;1,468493230E0
2,477513000E0;-1,381920934E0;1,028173268E-1;-2,261888087E-1;1,404079146E0
2,487580000E0;-1,331185818E0;1,333145201E-1;-6,394930929E-2;1,339372225E0
2,497647000E0;-1,326379776E0;2,173756436E-2;9,233427793E-2;1,329767442E0
2,507713000E0;-1,380773783E0;-1,171617284E-1;1,797325760E-1;1,397342803E0
2,517780000E0;-1,435589314E0;-2,506470084E-1;2,315771431E-1;1,475590923E0
2,527847000E0;-1,463421226E0;-3,683052063E-1;2,640160322E-1;1,531977439E0
2,537914000E0;-1,458086848E0;-4,909751415E-1;2,405087799E-1;1,557214924E0
2,547981000E0;-1,431196094E0;-6,793583632E-1;1,374239326E-1;1,590199793E0
2,558048000E0;-1,367054939E0;-8,318037987E-1;-4,839893058E-2;1,600961968E0
2,568115000E0;-1,262568235E0;-8,529815078E-1;-2,855084240E-1;1,550216456E0
2,578181000E0;-1,123343110E0;-7,354321480E-1;-5,192539692E-1;1,439578019E0
2,588248000E0;-9,600729346E-1;-5,159911513E-1;-6,609136462E-1;1,274673980E0
2,598315000E0;-7,898216844E-1;-2,514480650E-1;-6,814383864E-1;1,073034341E0
2,608382000E0;-6,271795034E-1;-3,778691590E-2;-5,998535156E-1;8,686807358E-1
2,618449000E0;-4,739090502E-1;3,648181632E-2;-4,561693370E-1;6,587952450E-1
2,628516000E0;-3,143832982E-1;1,133084223E-1;-2,854585648E-1;4,395022741E-1
2,638582000E0;-1,428302079E-1;1,932725012E-1;-1,493321508E-1;2,829396036E-1
2,648649000E0;4,970542714E-2;2,457010895E-1;-6,391259283E-2;2,586976505E-1
2,658716000E0;2,424452007E-1;2,218957245E-1;-5,403615162E-2;3,330725050E-1
2,668783000E0;4,146025777E-1;1,383917779E-1;-1,127870828E-1;4,514072525E-1
2,678850000E0;5,622441173E-1;1,082782075E-2;-1,763069928E-1;5,893384807E-1
2,688917000E0;6,702100039E-1;-1,370633692E-1;-1,992972642E-1;7,125217302E-1
2,698983000E0;7,075577378E-1;-2,546252012E-1;-1,870125830E-1;7,748842828E-1
2,709050000E0;6,642554998E-1;-3,019021749E-1;-1,615865827E-1;7,473222304E-1
2,719117000E0;5,404140949E-1;-2,683249116E-1;-1,595118791E-1;6,240910925E-1
2,729184000E0;3,780630231E-1;-2,069806159E-1;-1,924306750E-1;4,720192681E-1
2,739251000E0;2,323540896E-1;-1,116967946E-1;-2,433894575E-1;3,545462239E-1
2,749318000E0;1,554406732E-1;-3,584650159E-2;-3,007781804E-1;3,404618750E-1
2,759385000E0;1,850958914E-1;-6,552433968E-2;-3,415124118E-1;3,939348366E-1
2,769451000E0;3,047628999E-1;-1,857394278E-1;-3,263497055E-1;4,836152297E-1
2,779518000E0;4,588544667E-1;-3,018860221E-1;-2,457947582E-1;6,017455069E-1
2,789584875E0;5,870507956E-1;-3,711447418E-1;-1,472506076E-1;7,099716877E-1
2,799651875E0;6,733400226E-1;-3,697778881E-1;-7,794589549E-2;7,721386113E-1
2,809718875E0;6,992635131E-1;-3,412389159E-1;-5,458145589E-2;7,799952524E-1
2,819785875E0;6,809173822E-1;-3,237931430E-1;-8,387091756E-2;7,586335161E-1
2,829851875E0;6,114674807E-1;-3,169421554E-1;-1,583664566E-1;7,066998969E-1
2,839918875E0;5,168911815E-1;2,387657948E-2;-2,228548974E-1;5,633923054E-1
2,849985875E0;4,512850344E-1;3,052438200E-1;-2,973048687E-1;6,206626756E-1
2,860052875E0;4,025059640E-1;3,084343374E-1;-3,322392702E-1;6,062389993E-1
2,870119875E0;3,770240545E-1;1,536516845E-1;-3,212377727E-1;5,186035909E-1
2,880186875E0;4,306541681E-1;-7,750154287E-2;-2,982315123E-1;5,295389850E-1
2,890252875E0;5,545173287E-1;-2,860632837E-1;-2,907773256E-1;6,883844298E-1
2,900319875E0;6,956581473E-1;-3,351456523E-1;-2,912534475E-1;8,252826406E-1
2,910386875E0;8,488703370E-1;-1,794937551E-1;-2,658506036E-1;9,074554538E-1
2,920453875E0;9,779814482E-1;6,618312746E-2;-2,272102684E-1;1,006206950E0
2,930520875E0;1,052247882E0;2,705349326E-1;-1,824672967E-1;1,101684650E0
2,940587875E0;1,086704731E0;3,539902270E-1;-1,430355906E-1;1,151822657E0
2,950653875E0;1,081005096E0;3,266861737E-1;-1,186418310E-1;1,135505068E0
2,960720875E0;1,057995558E0;2,578824162E-1;-9,901562333E-2;1,093463321E0
2,970787875E0;1,019261122E0;2,234296203E-1;-6,362514198E-2;1,045400492E0
2,980854875E0;9,595662951E-1;2,113932818E-1;-3,606194630E-2;9,832370306E-1
2,990921875E0;9,179842472E-1;1,451631337E-1;-3,878396377E-2;9,301997685E-1
3,000988875E0;9,370197654E-1;5,164172128E-2;-6,011856347E-2;9,403654342E-1
3,011054875E0;9,899399877E-1;-2,574760839E-2;-7,106788456E-2;9,928216168E-1
3,021121875E0;1,059743881E0;-8,630382270E-2;-1,016265750E-1;1,068098031E0
3,031188875E0;1,133131027E0;-1,121420786E-1;-1,494268477E-1;1,148429429E0
3,041255875E0;1,195551991E0;-1,044835597E-1;-1,968397498E-1;1,216144426E0
3,051322875E0;1,235719204E0;-7,631663978E-2;-2,367085963E-1;1,260498766E0
3,061389875E0;1,273464799E0;-6,558869034E-2;-2,745447159E-1;1,304373134E0
3,071455875E0;1,300693750E0;-4,294569045E-2;-3,135163486E-1;1,338634030E0
3,081522875E0;1,344456315E0;4,929108918E-2;-3,400192857E-1;1,387661886E0
3,091589875E0;1,408275247E0;2,703358829E-1;-3,369076550E-1;1,473033410E0
3,101656875E0;1,493229628E0;5,304099321E-1;-2,706394494E-1;1,607580520E0
3,111723875E0;1,586624265E0;6,871116161E-1;-1,352515370E-1;1,734298679E0
3,121790875E0;1,677250624E0;7,182803154E-1;4,254679009E-2;1,825077120E0
3,131856875E0;1,732489824E0;6,655955315E-1;2,376417071E-1;1,871099138E0
3,141923875E0;1,754185796E0;5,221316218E-1;4,142525792E-1;1,876537886E0
3,151990875E0;1,719949245E0;3,102700114E-1;5,417149067E-1;1,829739852E0
3,162057875E0;1,644068599E0;1,063622683E-1;5,830709934E-1;1,747640201E0
3,172124875E0;1,553608775E0;-1,026663110E-1;5,338547230E-1;1,645977358E0
3,182191875E0;1,486831665E0;-2,193594426E-1;4,398252368E-1;1,565960793E0
3,192257875E0;1,476251960E0;-2,837762535E-1;3,401287198E-1;1,541277508E0
3,202324875E0;1,533601999E0;-3,072367609E-1;2,220694721E-1;1,579760858E0
3,212391875E0;1,607564926E0;-2,934895456E-1;1,118745357E-1;1,637961238E0
3,222458875E0;1,652898312E0;-2,255107313E-1;8,040209860E-2;1,670147423E0
3,232525875E0;1,646206141E0;-1,707723886E-1;1,163414568E-1;1,659124227E0
3,242592875E0;1,595198512E0;-2,191134095E-1;1,588795185E-1;1,617996193E0
3,252658875E0;1,488659859E0;-4,276631474E-1;1,408978552E-1;1,555267227E0
3,262725875E0;1,372161865E0;-7,214463353E-1;8,209351450E-2;1,552434328E0
3,272792875E0;1,264472127E0;-1,023653507E0;2,087728865E-2;1,627019399E0
3,282859875E0;1,174954653E0;-1,213645220E0;-2,644840628E-2;1,689423770E0
3,292926875E0;1,123675942E0;-1,289077044E0;-2,091569081E-2;1,710206044E0
3,302993875E0;1,123497725E0;-1,270691276E0;1,775504649E-2;1,696236628E0
3,313059875E0;1,168759942E0;-1,149207711E0;7,198445499E-2;1,640688858E0
3,323126875E0;1,216911077E0;-8,851431012E-1;1,098894551E-1;1,508783143E0
3,333193875E0;1,235114813E0;-4,497111738E-1;1,387932748E-1;1,321745934E0
3,343260875E0;1,241506100E0;-2,419557609E-2;1,863317639E-1;1,255644196E0
3,353327875E0;1,230445027E0;3,122247756E-1;2,267564237E-1;1,289533928E0
3,363394875E0;1,205139875E0;5,841041207E-1;2,195446789E-1;1,357107074E0
3,373460875E0;1,192439795E0;8,369116187E-1;1,604193002E-1;1,465628900E0
3,383527875E0;1,212289691E0;1,071685791E0;5,453282595E-2;1,618990599E0
3,393594875E0;1,269522667E0;1,303865194E0;-6,011918932E-2;1,820814808E0
3,403661875E0;1,373517632E0;1,465643644E0;-1,645926535E-1;2,015379051E0
3,413728875E0;1,485491872E0;1,502993941E0;-2,424826622E-1;2,127081270E0
3,423794875E0;1,590895772E0;1,425578356E0;-2,733573914E-1;2,153589392E0
3,433861875E0;1,657716036E0;1,268746972E0;-2,667141259E-1;2,104489905E0
3,443928875E0;1,674835443E0;1,028854847E0;-2,576605976E-1;1,982424032E0
3,453995875E0;1,660079479E0;7,826753855E-1;-2,632907927E-1;1,854121538E0
3,464062875E0;1,633292198E0;5,066865087E-1;-2,726848125E-1;1,731684622E0
3,474129875E0;1,618327618E0;2,792347074E-1;-3,029305935E-1;1,669947078E0
3,484195875E0;1,620851994E0;9,846822172E-2;-3,546239436E-1;1,662111704E0
3,494262875E0;1,631582141E0;-3,327861801E-2;-4,233332276E-1;1,685935577E0
3,504329875E0;1,603560328E0;-1,122571528E-1;-4,513332844E-1;1,669643414E0
3,514396875E0;1,512948155E0;-1,363867372E-1;-4,054906964E-1;1,572271022E0
3,524463875E0;1,365238786E0;-1,715098917E-1;-3,159376681E-1;1,411775193E0
3,534530875E0;1,185845852E0;-1,842411309E-1;-2,194470763E-1;1,219972212E0
3,544596875E0;1,002327442E0;-1,842569262E-1;-1,451812536E-1;1,029411731E0
3,554663875E0;8,524202704E-1;-1,869214177E-1;-1,145378575E-1;8,801584259E-1
3,564730875E0;7,515876889E-1;-2,005190104E-1;-1,270408183E-1;7,881822741E-1
3,574797875E0;7,150709629E-1;-2,213143110E-1;-1,659557223E-1;7,667123372E-1
3,584864875E0;7,108374834E-1;-1,918899417E-1;-1,682085991E-1;7,552521502E-1
3,594930875E0;7,319339514E-1;-1,601535827E-1;-1,303259283E-1;7,605007080E-1
3,604997875E0;7,526171207E-1;-1,000706330E-1;-7,975131273E-2;7,634179287E-1
3,615064875E0;7,696651220E-1;-4,804035183E-3;-1,779447123E-2;7,698857851E-1
3,625131875E0;7,894055247E-1;1,056226715E-1;4,473046958E-2;7,976954595E-1
3,635198875E0;8,312597275E-1;1,788468212E-1;9,192247689E-2;8,552360269E-1
3,645265875E0;8,874869347E-1;2,305834144E-1;1,189818382E-1;9,246396314E-1
3,655331875E0;9,393107295E-1;2,958308458E-1;1,341724992E-1;9,938927485E-1
3,665398875E0;1,010581255E0;4,081081450E-1;1,488495320E-1;1,099992234E0
3,675465875E0;1,093167543E0;5,164311528E-1;1,622329801E-1;1,219850791E0
3,685532875E0;1,182085872E0;5,842338204E-1;1,917356849E-1;1,332448400E0
3,695599875E0;1,251074791E0;6,139270067E-1;2,415783405E-1;1,414374277E0
3,705666875E0;1,276248932E0;6,271471977E-1;2,913585007E-1;1,451555965E0
3,715732875E0;1,262416959E0;6,261301637E-1;3,259247243E-1;1,446361810E0
3,725799875E0;1,213786006E0;6,516638994E-1;3,224188089E-1;1,414883810E0
3,735866875E0;1,139334917E0;6,436840296E-1;2,908185124E-1;1,340518031E0
3,745933875E0;1,057710171E0;5,633201003E-1;2,601942718E-1;1,226287650E0
3,756000875E0;9,669651389E-1;4,279734790E-1;2,649999559E-1;1,090141209E0
3,766067875E0;8,781498075E-1;2,839963734E-1;3,122695386E-1;9,743270956E-1
3,776133875E0;7,896382809E-1;1,427138150E-1;3,848052621E-1;8,899274899E-1
3,786201125E0;7,280324697E-1;3,967318311E-2;4,568229914E-1;8,604025127E-1
3,796268125E0;6,997236013E-1;-4,516118672E-3;4,926968515E-1;8,557941932E-1
3,806335125E0;7,011271715E-1;-1,506662741E-2;4,883367717E-1;8,545636995E-1
3,816402125E0;7,192960382E-1;1,618157141E-2;4,631387591E-1;8,556553886E-1
3,826469125E0;7,473441958E-1;3,552597389E-2;4,273506701E-1;8,616345148E-1
3,836535125E0;7,756834030E-1;5,270043388E-2;3,905604184E-1;8,700571923E-1
3,846602125E0;8,015265465E-1;4,802761227E-2;3,540556133E-1;8,775573107E-1
3,856669125E0;8,245255947E-1;-2,159656957E-3;3,303809166E-1;8,882559713E-1
3,866736125E0;8,600835204E-1;-7,114847749E-2;3,126768768E-1;9,179175329E-1
3,876803125E0;8,934323788E-1;-1,153122112E-1;2,879986763E-1;9,457597787E-1
3,886869125E0;9,327046275E-1;-1,515225470E-1;2,603142560E-1;9,801329075E-1
3,896936125E0;9,789365530E-1;-1,874810755E-1;2,350102216E-1;1,024058462E0
3,907003125E0;1,027270317E0;-1,721929908E-1;2,088968158E-1;1,062342981E0
3,917070125E0;1,079112768E0;-1,390179992E-1;1,538277119E-1;1,098850916E0
3,927137125E0;1,136506915E0;-1,138721332E-1;8,195213974E-2;1,145133610E0
3,937204125E0;1,192170739E0;-1,092454270E-1;2,546531847E-3;1,197168376E0
3,947270125E0;1,240583777E0;-1,140976399E-1;-7,174058259E-2;1,247883445E0
3,957337125E0;1,284407377E0;-1,044143811E-1;-1,156241596E-1;1,293821325E0
3,967404125E0;1,319551945E0;-6,035438180E-2;-1,137175336E-1;1,325817357E0
3,977471125E0;1,355544806E0;-6,903138943E-3;-8,268105984E-2;1,358081563E0
3,987538125E0;1,396882296E0;-3,122168127E-4;-4,979427531E-2;1,397769550E0
3,997605125E0;1,430808783E0;-3,865454718E-2;5,750476383E-3;1,431342382E0
4,007671125E0;1,458169103E0;-6,290053576E-2;4,471192881E-2;1,460209836E0
4,017738125E0;1,471706033E0;-7,226287574E-2;4,549036920E-2;1,474181110E0
4,027805125E0;1,468285084E0;-5,442991853E-2;2,746522892E-3;1,469296174E0
4,037872125E0;1,466257811E0;-2,523848042E-2;-6,229239702E-2;1,467797428E0
4,047939125E0;1,462470531E0;-2,313670330E-2;-1,483740509E-1;1,470159931E0
4,058006125E0;1,451434016E0;-5,553805456E-2;-2,199781984E-1;1,469059422E0
4,068072125E0;1,416745543E0;-9,366566688E-2;-2,266986370E-1;1,437822473E0
4,078139125E0;1,360569119E0;-1,308625638E-1;-1,536087096E-1;1,375452280E0
4,088206125E0;1,282976985E0;-1,762033105E-1;-2,546501905E-2;1,295270635E0
4,098273125E0;1,199261665E0;-2,156734914E-1;9,500067681E-2;1,222198317E0
4,108340125E0;1,116357088E0;-2,385174632E-1;1,334789693E-1;1,149330398E0
4,118407125E0;1,054353118E0;-2,510606945E-1;9,311450273E-2;1,087824563E0
4,128473125E0;1,015100598E0;-2,274332941E-1;3,566470463E-3;1,040272968E0
4,138540125E0;9,971975684E-1;-1,653675139E-1;-8,309784532E-2;1,014226137E0
4,148607125E0;9,882752895E-1;-5,384754762E-2;-1,472354382E-1;1,000632740E0
4,158674125E0;9,723469019E-1;6,442769617E-2;-1,650400013E-1;9,883560227E-1
4,168741125E0;9,584510326E-1;1,342212856E-1;-1,330729276E-1;9,769094838E-1
4,178807125E0;9,501417279E-1;1,740970612E-1;-7,629380375E-2;9,689684383E-1
4,188874125E0;9,489536285E-1;2,079127878E-1;-1,838879101E-2;9,716372081E-1
4,198941125E0;9,518077374E-1;2,173126936E-1;2,470221929E-2;9,766130121E-1
4,209008125E0;9,596626759E-1;1,876038760E-1;1,780675724E-2;9,779901566E-1
4,219075125E0;9,778347015E-1;1,058174148E-1;-3,530493006E-2;9,841770506E-1
4,229142125E0;9,942257404E-1;2,027024515E-2;-1,042031050E-1;9,998769889E-1
4,239208125E0;1,009793878E0;-5,471025780E-2;-1,445300132E-1;1,021550690E0
4,249275125E0;9,995539784E-1;-6,246618554E-2;-1,386195123E-1;1,011051705E0
4,259342125E0;9,923642874E-1;-5,158397555E-2;-1,412688345E-1;1,003695506E0
4,269409125E0;9,897456169E-1;-1,626785472E-2;-1,140592471E-1;9,964288942E-1
4,279476125E0;9,927720428E-1;-9,274127893E-3;-6,297209114E-2;9,948104456E-1
4,289543125E0;9,978729486E-1;-3,481910750E-2;-1,715088729E-4;9,984802558E-1
4,299609125E0;1,003515244E0;-8,606045693E-2;5,820551142E-2;1,008879144E0
4,309676125E0;1,002056599E0;-1,450444907E-1;9,903134406E-2;1,017331086E0
4,319743125E0;1,003606915E0;-2,347959429E-1;1,177312583E-1;1,037408610E0
4,329810125E0;9,965063930E-1;-3,561819196E-1;9,022076428E-2;1,062087726E0
4,339877125E0;9,733281136E-1;-4,779158235E-1;4,567167908E-2;1,085291230E0
4,349944125E0;9,327903390E-1;-5,597832799E-1;3,294678032E-2;1,088366036E0
4,360010125E0;8,852502704E-1;-5,313191414E-1;7,943651825E-2;1,035508683E0
4,370077125E0;8,351044059E-1;-3,825690150E-1;1,528543830E-1;9,311943312E-1
4,380144125E0;8,211273551E-1;-2,328668684E-1;2,107773423E-1;8,791497027E-1
4,390211125E0;8,356974125E-1;-7,940441370E-2;2,556409538E-1;8,775235173E-1
4,400278125E0;8,921990395E-1;3,951638192E-2;2,859629095E-1;9,377395460E-1
4,410345125E0;9,732352495E-1;1,337014139E-1;3,084277809E-1;1,029655581E0
4,420411125E0;1,061036110E0;1,904869378E-1;3,176394105E-1;1,123822804E0
4,430478125E0;1,139623523E0;2,333859503E-1;3,057073355E-1;1,202775021E0
4,440545125E0;1,192235351E0;2,485409379E-1;2,515903115E-1;1,243581688E0
4,450612125E0;1,217379212E0;2,418412268E-1;1,852314025E-1;1,254914339E0
4,460679125E0;1,208753943E0;2,023252398E-1;1,325974762E-1;1,232722065E0
4,470745125E0;1,174497485E0;1,555187553E-1;1,252276301E-1;1,191348977E0
4,480812125E0;1,127827406E0;9,672892839E-2;1,780359894E-1;1,145883047E0
4,490879125E0;1,087026596E0;7,712887228E-2;2,994755805E-1;1,130159859E0
4,500946125E0;1,070440412E0;1,023170501E-1;4,122814834E-1;1,151645551E0
4,511013125E0;1,102909565E0;1,300541013E-1;4,412930906E-1;1,195015970E0
4,521080125E0;1,160797834E0;1,429091841E-1;3,967943192E-1;1,235038614E0
4,531146125E0;1,215654254E0;1,657668650E-1;3,229560256E-1;1,268697960E0
4,541213125E0;1,241708159E0;2,217331976E-1;2,377708107E-1;1,283565239E0
4,551280125E0;1,237581491E0;2,584385276E-1;1,638461947E-1;1,274850578E0
4,561347125E0;1,205485702E0;2,488905340E-1;1,165564433E-1;1,236417275E0
4,571414125E0;1,149069786E0;1,875213683E-1;8,284974098E-2;1,167214512E0
4,581481125E0;1,085742831E0;8,816548437E-2;8,563114703E-2;1,092677144E0
4,591547125E0;1,031923056E0;6,728342734E-3;1,493304819E-1;1,042693654E0
4,601614125E0;1,013348579E0;-6,177428365E-2;2,496386915E-1;1,045471607E0
4,611681125E0;1,032773137E0;-1,137768328E-1;3,405335546E-1;1,093402315E0
4,621748125E0;1,072867632E0;-1,287983954E-1;3,604209721E-1;1,139094930E0
4,631815125E0;1,130968690E0;-1,717809141E-1;2,880273163E-1;1,179643419E0
4,641882125E0;1,192804933E0;-2,475656867E-1;1,854122728E-1;1,232254068E0
4,651948125E0;1,240248561E0;-3,576318324E-1;5,898722261E-2;1,292128675E0
4,662015125E0;1,254206538E0;-4,065620899E-1;-1,751634106E-2;1,318572560E0
4,672082125E0;1,224902272E0;-3,585881889E-1;-8,517466486E-3;1,276339928E0
4,682149125E0;1,174682498E0;-2,663504183E-1;6,493837386E-2;1,206249770E0
4,692216125E0;1,131583095E0;-1,609099507E-1;1,457938552E-1;1,152227478E0
4,702283125E0;1,121211767E0;-8,117172122E-2;1,703849584E-1;1,136985360E0
4,712349125E0;1,149143100E0;-2,027145214E-2;1,396066844E-1;1,157769762E0
4,722416125E0;1,200749874E0;3,343092650E-2;7,343991846E-2;1,203458063E0
4,732483125E0;1,253949404E0;1,196181849E-1;3,349262476E-2;1,260087050E0
4,742550125E0;1,272267342E0;2,629345953E-1;4,842070863E-2;1,300055135E0
4,752617125E0;1,268127322E0;3,861881793E-1;1,172507778E-1;1,330802750E0
4,762684125E0;1,266586900E0;3,728494644E-1;1,835467070E-1;1,333022315E0
4,772750125E0;1,279262185E0;3,152581155E-1;2,174575031E-1;1,335360320E0
4,782817417E0;1,292204022E0;2,583698034E-1;2,213473171E-1;1,336241305E0
4,792884417E0;1,308681369E0;1,587817669E-1;2,218280286E-1;1,336811972E0
4,802951417E0;1,308737278E0;4,734138958E-3;2,297714353E-1;1,328762803E0
4,813018417E0;1,288218260E0;-9,938951582E-2;2,399524599E-1;1,314139165E0
4,823085417E0;1,274951935E0;-9,289486706E-2;2,059193850E-1;1,294810676E0
4,833151417E0;1,296538830E0;-2,916258015E-2;1,550997496E-1;1,306108466E0
4,843218417E0;1,332705021E0;7,481068373E-2;1,379543096E-1;1,341913076E0
4,853285417E0;1,363733172E0;1,323395371E-1;1,545063257E-1;1,378823456E0
4,863352417E0;1,390296936E0;8,782719076E-2;1,896059960E-1;1,405912380E0
4,873419417E0;1,397000790E0;1,153844222E-2;2,441855222E-1;1,418228089E0
4,883486417E0;1,388072252E0;-7,304742467E-4;2,842860520E-1;1,416885200E0
4,893552417E0;1,386123896E0;-1,010669395E-2;2,919020653E-1;1,416562182E0
4,903619417E0;1,391806483E0;-7,828468084E-2;2,926131487E-1;1,424386265E0
4,913686417E0;1,403532624E0;-1,254827678E-1;2,773631215E-1;1,436168532E0
4,923753417E0;1,413636684E0;-1,361623108E-1;2,512643933E-1;1,442235295E0
4,933820417E0;1,424714923E0;-1,080072820E-1;2,246984392E-1;1,446363569E0
4,943887417E0;1,418891668E0;-1,793438382E-2;1,766193211E-1;1,429954402E0
4,953953417E0;1,391347528E0;9,654811025E-2;1,279684007E-1;1,400551817E0
4,964020417E0;1,352196336E0;1,833101660E-1;9,174036235E-2;1,367645364E0
4,974087417E0;1,325740457E0;1,585324109E-1;3,801503405E-2;1,335726554E0
4,984154417E0;1,317381859E0;8,728912473E-2;-1,190006360E-2;1,320324189E0
4,994221417E0;1,322252989E0;5,447952449E-2;-4,971177503E-2;1,324308214E0
5,004288417E0;1,337789893E0;6,032703072E-2;-5,844614282E-2;1,340424224E0
5,014354417E0;1,326812029E0;9,110654145E-2;-3,947330266E-2;1,330521967E0
5,024421417E0;1,291679025E0;1,122594997E-1;-1,435996126E-2;1,296627590E0
5,034488417E0;1,260571003E0;8,236801624E-2;-1,149295829E-2;1,263311455E0
5,044555417E0;1,239408016E0;6,030239165E-2;-5,416319147E-2;1,242055659E0
5,054622417E0;1,246413231E0;2,347001061E-2;-1,366052330E-1;1,254096397E0
5,064689417E0;1,274732471E0;-3,559624031E-2;-2,317405343E-1;1,296114825E0
5,074755417E0;1,328598738E0;-1,358622015E-1;-2,973930538E-1;1,368238200E0
5,084822417E0;1,392243266E0;-2,329024673E-1;-3,135648370E-1;1,445997157E0
5,094889417E0;1,449884057E0;-3,039020598E-1;-2,980349064E-1;1,511074137E0
5,104956417E0;1,495193005E0;-3,583815396E-1;-2,768864930E-1;1,562275769E0
5,115023417E0;1,535482049E0;-4,081925750E-1;-2,372194231E-1;1,606424401E0
5,125090417E0;1,557065368E0;-5,345699191E-1;-1,920279711E-1;1,657435459E0
5,135156417E0;1,528443336E0;-6,227202415E-1;-2,047125995E-1;1,663077503E0
5,145223417E0;1,444972157E0;-6,104617119E-1;-2,655514479E-1;1,590951165E0
5,155290417E0;1,328035116E0;-5,116608739E-1;-3,392614722E-1;1,463069536E0
5,165357417E0;1,209650397E0;-3,887342215E-1;-3,585464954E-1;1,320198458E0
5,175424417E0;1,120350361E0;-2,620828152E-1;-3,078497946E-1;1,191068356E0
5,185491417E0;1,068430185E0;-8,396900445E-2;-2,416121960E-1;1,098622004E0
5,195557417E0;1,035161734E0;7,782642543E-2;-1,992145032E-1;1,057025631E0
5,205624417E0;1,026326418E0;2,079335600E-1;-2,100274712E-1;1,068032687E0
5,215691417E0;1,042607665E0;2,785297334E-1;-3,032614589E-1;1,120971484E0
5,225758417E0;1,099554420E0;2,645792961E-1;-4,346881807E-1;1,211600569E0
5,235825417E0;1,182077289E0;2,255105823E-1;-5,673677325E-1;1,330438981E0
5,245892417E0;1,279476285E0;2,073600739E-1;-6,686176658E-1;1,458460609E0
5,255958417E0;1,392153859E0;1,942008436E-1;-6,939650774E-1;1,567607688E0
5,266025417E0;1,517525673E0;1,843157262E-1;-6,548951268E-1;1,663052640E0
5,276092417E0;1,632392883E0;2,364676148E-1;-5,658705831E-1;1,743798433E0
5,286159417E0;1,710206985E0;2,863576710E-1;-4,576461315E-1;1,793390262E0
5,296226417E0;1,737162232E0;2,933408618E-1;-3,362671733E-1;1,793559894E0
5,306293417E0;1,729840994E0;2,949877679E-1;-2,053994238E-1;1,766792736E0
5,316360417E0;1,693004727E0;2,564266324E-1;-1,121902764E-1;1,715985514E0
5,326426417E0;1,639920712E0;1,563248038E-1;-9,688615799E-2;1,650201294E0
5,336493417E0;1,585141540E0;5,733805150E-2;-1,303426623E-1;1,591524603E0
5,346560417E0;1,547859669E0;-9,995980188E-3;-1,696197689E-1;1,557157776E0
5,356627417E0;1,550640464E0;-2,244228683E-2;-1,588690877E-1;1,558919142E0
5,366694417E0;1,579815388E0;-4,305914789E-2;-9,938685596E-2;1,583524075E0
5,376761417E0;1,629132867E0;-4,643740505E-2;-2,289614454E-2;1,629955387E0
5,386827417E0;1,673136592E0;-8,366866410E-2;2,192166075E-2;1,675370723E0
5,396894417E0;1,703647852E0;-1,496286392E-1;2,212826163E-2;1,710349202E0
5,406961417E0;1,716145754E0;-2,373342514E-1;1,205538772E-2;1,732521032E0
5,417028417E0;1,710147381E0;-3,573364019E-1;2,464122884E-2;1,747255150E0
5,427095417E0;1,681655288E0;-4,210557342E-1;4,657129571E-2;1,734191836E0
5,437162417E0;1,665465355E0;-4,934529662E-1;8,042619377E-2;1,738890178E0
5,447228417E0;1,664524436E0;-5,535445213E-1;9,448022395E-2;1,756695662E0
5,457295417E0;1,687791109E0;-5,846870542E-1;6,094256416E-2;1,787235792E0
5,467362417E0;1,736426353E0;-5,919806361E-1;4,736813717E-3;1,834568067E0
5,477429417E0;1,800999284E0;-5,368845463E-1;-6,548351049E-2;1,880460456E0
5,487496417E0;1,873204947E0;-5,083639622E-1;-1,280720532E-1;1,945182033E0
5,497563417E0;1,928451061E0;-4,314391315E-1;-1,567103416E-1;1,982327256E0
5,507629417E0;1,962284446E0;-2,715759575E-1;-1,302691400E-1;1,985266681E0
5,517696417E0;1,959133863E0;-1,393561363E-1;-8,525399864E-2;1,965933334E0
5,527763417E0;1,926340222E0;-2,507029288E-2;-5,293174461E-2;1,927230381E0
5,537830417E0;1,881471634E0;7,851510495E-2;-3,654033318E-2;1,883463652E0
5,547897417E0;1,817027569E0;1,243443787E-1;-1,465287618E-2;1,821336163E0
5,557964417E0;1,725122809E0;1,405176818E-1;1,678253151E-2;1,730917554E0
5,568030417E0;1,609481931E0;1,561232656E-1;5,802504346E-2;1,618077089E0
5,578097417E0;1,486256957E0;1,414089948E-1;8,881057054E-2;1,495608092E0
5,588164417E0;1,381486058E0;1,456849724E-1;1,188299879E-1;1,394219641E0
5,598231417E0;1,312770963E0;1,509310901E-1;1,301977485E-1;1,327817475E0
5,608298417E0;1,289417744E0;1,685207337E-1;1,545329243E-1;1,309533421E0
5,618365417E0;1,303339362E0;2,094003260E-1;2,105269879E-1;1,336736175E0
5,628432417E0;1,337022424E0;2,209549844E-1;2,792607546E-1;1,383631684E0
5,638498417E0;1,378557324E0;1,982201934E-1;3,126533329E-1;1,427397509E0
5,648565417E0;1,409520030E0;1,541470140E-1;3,142746687E-1;1,452334873E0
5,658632417E0;1,411525607E0;1,036801785E-1;2,721511126E-1;1,441256517E0
5,668699417E0;1,373662591E0;4,872638732E-2;1,989961863E-1;1,388856601E0
5,678766417E0;1,296050310E0;3,209608048E-2;1,416582167E-1;1,304163953E0
5,688833417E0;1,193413973E0;-8,485169150E-3;9,801594168E-2;1,197462331E0
5,698899417E0;1,082856536E0;-6,933379918E-2;6,337902695E-2;1,086923343E0
5,708966417E0;9,909622073E-1;-8,009696752E-2;7,443088293E-2;9,969762168E-1
5,719033417E0;9,591695070E-1;-1,413138509E-1;1,321738660E-1;9,784915322E-1
5,729100417E0;9,980090857E-1;-2,598223984E-1;1,849683672E-1;1,047732366E0
5,739167417E0;1,083512187E0;-3,727062345E-1;1,630362868E-1;1,157363135E0
5,749234417E0;1,165402174E0;-4,049613774E-1;8,415132016E-2;1,236623382E0
5,759301417E0;1,205006123E0;-3,061283827E-1;4,222693294E-2;1,244000585E0
5,769367417E0;1,169926405E0;-1,240416542E-1;3,828731924E-2;1,177106641E0
5,779434417E0;1,097409606E0;5,120110139E-2;5,078777298E-2;1,099776702E0
5,789500625E0;1,036504149E0;1,443835199E-1;2,711706422E-2;1,046863309E0
5,799567625E0;1,015894413E0;1,859342158E-1;4,262510687E-3;1,032778369E0
5,809634625E0;1,040809631E0;1,602102071E-1;3,588009253E-2;1,053678974E0
5,819701625E0;1,094157457E0;1,086195186E-1;8,802802116E-2;1,103053795E0
5,829767625E0;1,162875533E0;1,254421771E-1;1,430686414E-1;1,178339459E0
5,839834625E0;1,246708751E0;2,339173853E-1;1,840307862E-1;1,281743883E0
5,849901625E0;1,322352409E0;3,233796060E-1;1,869730502E-1;1,374099409E0
5,859968625E0;1,396099806E0;3,700984716E-1;1,695783883E-1;1,454243575E0
5,870035625E0;1,447870612E0;3,753259778E-1;1,939617544E-1;1,508250663E0
5,880102625E0;1,457330823E0;3,073312640E-1;2,550618052E-1;1,511066563E0
5,890168625E0;1,422097445E0;1,761042476E-1;3,243617713E-1;1,469212172E0
5,900235625E0;1,366536140E0;7,047520578E-2;3,822003007E-1;1,420726873E0
5,910302625E0;1,314682007E0;-5,544200540E-3;4,437132180E-1;1,387552139E0
5,920369625E0;1,276217103E0;-6,528130174E-2;4,867237806E-1;1,367439864E0
5,930436625E0;1,247614861E0;-1,043954119E-1;5,135476589E-1;1,353208203E0
5,940503625E0;1,217435479E0;-8,699496090E-2;5,292279124E-1;1,330338097E0
5,950570625E0;1,157837868E0;-3,450911492E-2;5,397026539E-1;1,277911719E0
5,960636625E0;1,056732059E0;6,450062990E-2;5,483064055E-1;1,192259573E0
5,970703625E0;9,035658240E-1;9,363374859E-2;5,560935140E-1;1,065100218E0
5,980770625E0;6,995410919E-1;1,193846464E-1;5,600818396E-1;9,040476205E-1
5,990837625E0;4,450811148E-1;1,006786078E-1;5,436373353E-1;7,097710428E-1
6,000904625E0;1,685259491E-1;6,372845266E-3;4,880720079E-1;5,163873484E-1
6,010971625E0;-1,454407722E-1;-7,903286070E-2;3,983820677E-1;4,314017653E-1
6,021037625E0;-4,808251560E-1;-7,141675800E-2;3,000224829E-1;5,712325920E-1
6,031104625E0;-7,997837663E-1;-7,911355793E-2;2,086805701E-1;8,303376471E-1
6,041171625E0;-1,061756730E0;-1,155734658E-1;1,169027090E-1;1,074407196E0
6,051238625E0;-1,237679362E0;-2,267788202E-1;1,877187937E-2;1,258424102E0
6,061305625E0;-1,331697702E0;-3,782318532E-1;-7,363495976E-2;1,386326157E0
6,071372625E0;-1,349176526E0;-5,017439127E-1;-1,463693529E-1;1,446875337E0
6,081439625E0;-1,324901819E0;-5,530408621E-1;-1,929919720E-1;1,448607927E0
6,091505625E0;-1,294667840E0;-6,060297489E-1;-2,243187428E-1;1,446981607E0
6,101572625E0;-1,263767362E0;-6,201105118E-1;-2,388104945E-1;1,427821923E0
6,111639625E0;-1,260015249E0;-5,756141543E-1;-2,563956082E-1;1,408796930E0
6,121706625E0;-1,298404217E0;-5,438790321E-1;-2,791359425E-1;1,435121872E0
6,131773625E0;-1,411766768E0;-6,769436598E-1;-2,793889344E-1;1,590407590E0
6,141840625E0;-1,609443784E0;-7,507475615E-1;-2,262665331E-1;1,790287055E0
6,151906625E0;-1,837411880E0;-8,378957510E-1;-1,785834283E-1;2,027324283E0
6,161973625E0;-2,077696800E0;-9,400692582E-1;-1,366492212E-1;2,284562806E0
6,172040625E0;-2,319189787E0;-1,021912217E0;-1,109846160E-1;2,536782102E0
6,182107625E0;-2,542507887E0;-1,055398345E0;-9,257499874E-2;2,754411398E0
6,192174625E0;-2,753424883E0;-1,000902295E0;-7,951458544E-2;2,930780879E0
6,202241625E0;-2,927352428E0;-8,589029312E-1;-6,127793342E-2;3,051370425E0
6,212308625E0;-3,053313017E0;-6,991545558E-1;-4,816852510E-2;3,132707723E0
6,222374625E0;-3,124655247E0;-5,302419662E-1;-3,412461281E-2;3,169509653E0
6,232441625E0;-3,129026175E0;-3,737072051E-1;1,204181835E-2;3,151286544E0
6,242508625E0;-3,062250137E0;-3,393549919E-1;9,297942370E-2;3,082398885E0
6,252575625E0;-2,948244333E0;-4,047537148E-1;1,751512587E-1;2,981048168E0
6,262642625E0;-2,831566095E0;-4,191514254E-1;2,177941203E-1;2,870694820E0
6,272709625E0;-2,756008625E0;-3,463248909E-1;2,321994305E-1;2,787371709E0
6,282775625E0;-2,729510546E0;-2,275338322E-1;2,347774059E-1;2,749021625E0
6,292842625E0;-2,729449749E0;-1,193642095E-1;2,283482701E-1;2,741584702E0
6,302909625E0;-2,750808716E0;-1,083670557E-1;2,196660042E-1;2,761692445E0
6,312976625E0;-2,788755655E0;-1,474404186E-1;1,746338159E-1;2,798105386E0
6,323043625E0;-2,834411621E0;-1,032516956E-1;1,246473938E-1;2,839029257E0
6,333110625E0;-2,943097353E0;-1,365614384E-1;7,768893242E-2;2,947288012E0
6,343176625E0;-3,093870401E0;-1,976978332E-1;5,381418392E-2;3,100647426E0
6,353243625E0;-3,288440466E0;-8,025588840E-2;1,108601540E-1;3,291287237E0
6,363310625E0;-3,480915308E0;1,702042222E-1;2,497376055E-1;3,494010551E0
6,373377625E0;-3,615845680E0;4,302134216E-1;4,110205173E-1;3,664472873E0
6,383444625E0;-3,670150280E0;6,360485554E-1;5,259320140E-1;3,761803467E0
6,393511625E0;-3,636174440E0;6,646237373E-1;5,539375544E-1;3,737691278E0
6,403578625E0;-3,529146671E0;6,366459727E-1;5,100864768E-1;3,622206860E0
6,413644625E0;-3,398557186E0;6,185806990E-1;4,426898658E-1;3,482643729E0
6,423711625E0;-3,272941113E0;6,437922716E-1;3,652924299E-1;3,355599883E0
6,433778625E0;-3,167892933E0;7,299455404E-1;2,734655738E-1;3,262384028E0
6,443845625E0;-3,097650290E0;9,202391505E-1;2,015485168E-1;3,237730566E0
6,453912625E0;-3,074191332E0;1,210350513E0;1,844233274E-1;3,309019896E0
6,463979625E0;-3,109618902E0;1,425034404E0;1,534880251E-1;3,424034366E0
6,474045625E0;-3,164623499E0;1,439693451E0;1,421416402E-1;3,479621153E0
6,484112625E0;-3,207383633E0;1,260796785E0;2,133388221E-1;3,452887452E0
6,494179625E0;-3,206437588E0;1,070681930E0;3,475346863E-1;3,398291064E0
6,504246625E0;-3,184003830E0;9,814991951E-1;4,945739806E-1;3,368356347E0
6,514313625E0;-3,151815176E0;9,876295328E-1;5,740155578E-1;3,352438643E0
6,524380625E0;-3,119177580E0;1,015150905E0;5,527250171E-1;3,326455332E0
6,534446625E0;-3,095361710E0;9,703189135E-1;4,413183331E-1;3,273766146E0
6,544513625E0;-3,068528175E0;7,802494764E-1;1,943207085E-1;3,172130979E0
6,554580625E0;-3,025477409E0;4,164773226E-1;-1,553041339E-1;3,057954592E0
6,564647625E0;-2,950283289E0;1,050369665E-1;-4,764823914E-1;2,990357791E0
6,574714625E0;-2,853672504E0;-7,195325941E-2;-6,387120485E-1;2,925162750E0
6,584781625E0;-2,747655869E0;-1,659929901E-1;-5,864304900E-1;2,814439050E0
6,594848625E0;-2,671184778E0;-1,262141615E-1;-3,928296268E-1;2,702863898E0
6,604914625E0;-2,642689466E0;7,330063730E-2;-1,880883127E-1;2,650388238E0
6,614981625E0;-2,603202820E0;5,470218882E-2;-8,492091298E-2;2,605161955E0
6,625048625E0;-2,541209221E0;4,370879382E-2;-9,008099884E-2;2,543180951E0
6,635115625E0;-2,437093973E0;-5,884820968E-2;-2,245938033E-1;2,448128371E0
6,645182625E0;-2,301525593E0;-1,735729873E-1;-3,968727589E-1;2,341934163E0
6,655249625E0;-2,167325258E0;-2,725467086E-1;-5,021709800E-1;2,241373725E0
6,665315625E0;-2,079515696E0;-3,496760130E-1;-5,055577755E-1;2,168466626E0
6,675382625E0;-2,090851784E0;-3,564217985E-1;-4,001123011E-1;2,158422464E0
6,685449625E0;-2,206732273E0;-2,605426908E-1;-2,336921245E-1;2,234314622E0
6,695516625E0;-2,380597830E0;-1,541837603E-1;-1,759205014E-2;2,385650465E0
6,705583625E0;-2,566834688E0;-9,958544374E-2;1,722419709E-1;2,574533914E0
6,715650625E0;-2,707929850E0;-8,628269285E-2;2,142778486E-1;2,717764480E0
6,725717625E0;-2,762941360E0;-1,042158827E-1;1,150699183E-1;2,767299586E0
6,735783625E0;-2,712708473E0;-1,746085584E-1;-1,472802274E-2;2,718362066E0
6,745850625E0;-2,619956255E0;-2,605548203E-1;-9,204463661E-2;2,634488908E0
6,755917625E0;-2,537794590E0;-3,362037838E-1;-1,031878367E-1;2,562046466E0
6,765984625E0;-2,502697945E0;-4,854243398E-1;-1,023011282E-1;2,551391642E0
6,776051625E0;-2,522639751E0;-5,972145200E-1;-1,134054437E-1;2,594848222E0
6,786118917E0;-2,558731079E0;-5,757261515E-1;-1,609407216E-1;2,627635297E0
6,796184917E0;-2,556241751E0;-4,950657189E-1;-2,134137750E-1;2,612471511E0
6,806251917E0;-2,491628885E0;-4,594590664E-1;-1,852222085E-1;2,540398473E0
6,816318917E0;-2,414631844E0;-4,647518396E-1;-5,853509903E-2;2,459647855E0
6,826385917E0;-2,376824379E0;-4,902945459E-1;1,064093262E-1;2,429198595E0
6,836452917E0;-2,438132524E0;-4,443613887E-1;2,158066630E-1;2,487673565E0
6,846519917E0;-2,622923613E0;-2,361349463E-1;1,987906545E-1;2,641023611E0
6,856586917E0;-2,864225864E0;5,306730792E-2;1,187179089E-1;2,867176291E0
6,866652917E0;-3,059991121E0;3,360336423E-1;4,349613562E-2;3,078693909E0
6,876719917E0;-3,144193888E0;3,278060853E-1;-5,533057451E-2;3,161720023E0
6,886786917E0;-3,103371620E0;1,082549915E-1;-1,189807728E-1;3,107537768E0
6,896853917E0;-2,991974354E0;-1,494399309E-1;-7,773879170E-2;2,996712557E0
6,906920917E0;-2,869096756E0;-3,544978201E-1;-2,990746126E-2;2,891068895E0
6,916987917E0;-2,799964190E0;-4,405855834E-1;-8,343753219E-2;2,835644008E0
6,927053917E0;-2,807910442E0;-4,128044248E-1;-2,083108574E-1;2,845726965E0
6,937120917E0;-2,839159489E0;-2,918423116E-1;-3,154921532E-1;2,871503759E0
6,947187917E0;-2,849768162E0;-3,855568171E-2;-3,361506462E-1;2,869784378E0
6,957254917E0;-2,774347067E0;1,374811381E-1;-3,333846629E-1;2,797686195E0
6,967321917E0;-2,615986109E0;2,123272717E-1;-2,723911405E-1;2,638685871E0
6,977388917E0;-2,452222109E0;1,132086739E-1;-2,025758326E-1;2,463178118E0
6,987454917E0;-2,382006645E0;-2,279118299E-1;-1,205961257E-1;2,395922137E0
6,997521917E0;-2,451878548E0;-4,985433221E-1;-9,107148275E-3;2,502066505E0
7,007588917E0;-2,620128155E0;-5,210413337E-1;5,818821117E-2;2,672066894E0
7,017655917E0;-2,785687685E0;-3,192927241E-1;2,300785109E-2;2,804020878E0
7,027722917E0;-2,838133335E0;-1,221765112E-2;-8,231286705E-2;2,839353009E0
7,037789917E0;-2,726500511E0;1,192580834E-1;-1,859979928E-1;2,735438316E0
7,047856917E0;-2,499736786E0;-1,647658460E-2;-2,278139889E-1;2,510150332E0
7,057922917E0;-2,268858671E0;-2,095123529E-1;-2,029243559E-1;2,287529976E0
7,067989917E0;-2,134003878E0;-3,958689272E-1;-1,720099449E-1;2,177216613E0
7,078056917E0;-2,103680611E0;-5,880469084E-1;-1,494106203E-1;2,189427964E0
7,088123917E0;-2,165813684E0;-6,635282040E-1;-1,589263678E-1;2,270743531E0
7,098190917E0;-2,262917280E0;-5,728302598E-1;-1,525659412E-1;2,339274565E0
7,108257917E0;-2,298948526E0;-2,705520988E-1;-1,219645217E-1;2,318024614E0
7,118323917E0;-2,190992117E0;1,092405058E-2;-8,764409274E-2;2,192771597E0
7,128390917E0;-1,974421859E0;1,116958782E-1;-8,260837197E-2;1,979303359E0
7,138457917E0;-1,738872647E0;4,990254715E-2;-8,676397055E-2;1,741750939E0
7,148524917E0;-1,592211127E0;-7,209922373E-2;-1,449588835E-1;1,600421085E0
7,158591917E0;-1,588028669E0;-1,123097613E-1;-2,404148281E-1;1,610045908E0
7,168658917E0;-1,712605238E0;-2,205236815E-3;-2,965219319E-1;1,738087115E0
7,178725917E0;-1,920838594E0;1,305770427E-1;-2,692338526E-1;1,944005694E0
7,188791917E0;-2,148135900E0;2,311506271E-1;-1,611849368E-1;2,166540801E0
7,198858917E0;-2,307973146E0;3,001499176E-1;-3,982868046E-2;2,327749201E0
7,208925917E0;-2,336827993E0;3,239532113E-1;2,899404801E-2;2,359354024E0
7,218992917E0;-2,221023798E0;2,629316449E-1;3,659763932E-2;2,236832392E0
7,229059917E0;-1,998740077E0;1,625305116E-1;-1,129803341E-2;2,005369220E0
7,239126917E0;-1,749387860E0;1,391375661E-1;-8,833316714E-2;1,757134001E0
7,249192917E0;-1,572766542E0;1,580040157E-1;-1,325494647E-1;1,586231139E0
7,259259917E0;-1,502444625E0;2,069790065E-1;-1,185260564E-1;1,521258882E0
7,269326917E0;-1,535756111E0;3,074662089E-1;-7,070675492E-2;1,567827078E0
7,279393917E0;-1,639178395E0;3,552936614E-1;-4,197767004E-3;1,677246857E0
7,289460917E0;-1,785730004E0;3,290587068E-1;4,165358469E-2;1,816272640E0
7,299527917E0;-1,925311923E0;2,320163101E-1;4,258116335E-2;1,939708928E0
7,309594917E0;-1,996077538E0;5,383736640E-2;3,828519490E-3;1,996807115E0
7,319660917E0;-2,019351482E0;-2,304159254E-1;-5,062859505E-2;2,033085134E0
7,329727917E0;-2,036829472E0;-4,953763485E-1;-6,330823153E-2;2,097159974E0
7,339794917E0;-2,088888884E0;-6,301462054E-1;-2,696300857E-2;2,182033000E0
7,349861917E0;-2,115003824E0;-6,467501521E-1;4,054594412E-2;2,212051290E0
7,359928917E0;-2,074213982E0;-5,933798552E-1;1,100674942E-1;2,160226411E0
7,369995917E0;-1,962225080E0;-5,903834105E-1;1,713296175E-1;2,056266926E0
7,380061917E0;-1,810842752E0;-6,101557612E-1;1,756204963E-1;1,918927848E0
7,390128917E0;-1,636227965E0;-6,071495414E-1;8,851618320E-2;1,747486090E0
7,400195917E0;-1,491393209E0;-5,677602887E-1;-7,720594108E-2;1,597675250E0
7,410262917E0;-1,438830853E0;-5,479784012E-1;-2,421580255E-1;1,558574688E0
7,420329917E0;-1,482276082E0;-5,786374807E-1;-3,148442209E-1;1,622063686E0
7,430396917E0;-1,573915362E0;-6,140615940E-1;-2,510668933E-1;1,708015162E0
7,440463917E0;-1,646872640E0;-6,372079253E-1;-8,666171879E-2;1,767974458E0
7,450529917E0;-1,649590731E0;-7,238269448E-1;1,279761344E-1;1,805949312E0
7,460596917E0;-1,587072253E0;-8,401181102E-1;3,072782457E-1;1,821816867E0
7,470663917E0;-1,466620088E0;-8,144003749E-1;3,786190748E-1;1,719760116E0
7,480730917E0;-1,303735852E0;-6,828652620E-1;2,860507965E-1;1,499285562E0
7,490797917E0;-1,100619435E0;-3,848686516E-1;9,600951523E-2;1,169916598E0
7,500864917E0;-8,732848167E-1;2,791651338E-2;-4,330842942E-2;8,748035911E-1
7,510930917E0;-6,416958570E-1;3,008525372E-1;-3,863592073E-2;7,097735952E-1
7,520997917E0;-4,670337737E-1;4,735736847E-1;6,923861057E-2;6,687200952E-1
7,531064917E0;-3,302243650E-1;5,300061703E-1;2,340285331E-1;6,668763199E-1
7,541131917E0;-1,763812751E-1;6,655176878E-1;4,315181673E-1;8,125466606E-1
7,551198917E0;-1,255014632E-2;9,234049320E-1;5,628957748E-1;1,081520147E0
7,561265917E0;8,597136289E-2;1,015618801E0;5,932576656E-1;1,179333406E0
7,571332917E0;9,866514057E-2;8,800398707E-1;5,742626786E-1;1,055453745E0
7,581398917E0;3,725424409E-2;6,886744499E-1;5,550552011E-1;8,852946701E-1
7,591465917E0;-6,848629564E-2;5,205078125E-1;5,523198247E-1;7,620209605E-1
7,601532917E0;-1,982925087E-1;4,011105597E-1;5,489413738E-1;7,081992883E-1
7,611599917E0;-3,324895501E-1;3,431479931E-1;5,504366159E-1;7,288897820E-1
7,621666917E0;-4,694620371E-1;3,136952817E-1;5,672214627E-1;8,003371301E-1
7,631733917E0;-5,871511698E-1;4,152374566E-1;5,658178329E-1;9,150510705E-1
7,641799917E0;-6,756743789E-1;5,773275495E-1;5,094693303E-1;1,024403223E0
7,651866917E0;-7,542768121E-1;5,747478008E-1;4,143382907E-1;1,034864611E0
7,661933917E0;-8,308437467E-1;3,248631060E-1;2,800752819E-1;9,350291613E-1
7,672000917E0;-9,127051234E-1;1,810249407E-3;1,279983521E-1;9,216384852E-1
7,682067917E0;-9,923743606E-1;-2,040749937E-1;6,727046333E-3;1,013162735E0
7,692134917E0;-1,192730904E0;-3,599002957E-1;-1,057590246E-1;1,250328038E0
7,702201917E0;-1,428820610E0;-3,228812814E-1;-1,594440788E-1;1,473500279E0
7,712267917E0;-1,638920188E0;-2,694616914E-1;-1,363387108E-1;1,666510495E0
7,722334917E0;-1,774625301E0;-2,527365088E-1;-6,759744883E-2;1,793806043E0
7,732401917E0;-1,807263613E0;-2,151108086E-1;-1,540484186E-2;1,820085639E0
7,742468917E0;-1,787245750E0;-1,521891057E-1;-5,027414113E-2;1,794418119E0
7,752535917E0;-1,754658461E0;-1,346103996E-1;-1,330347806E-1;1,764835552E0
7,762602917E0;-1,707517505E0;-2,750082314E-1;-2,091588378E-1;1,742123123E0
7,772668917E0;-1,624332190E0;-2,997371852E-1;-2,036289722E-1;1,664260256E0
7,782735917E0;-1,482731462E0;-9,421917796E-2;-1,305528879E-1;1,491446914E0
7,792802875E0;-1,256842971E0;3,532235324E-2;-3,489381447E-2;1,257823318E0
7,802869875E0;-9,913662672E-1;-4,575385526E-2;6,125402451E-2;9,943100857E-1
7,812936875E0;-7,517588139E-1;-1,823007464E-1;1,056127623E-1;7,807233389E-1
7,823003875E0;-5,892457962E-1;-1,645537019E-1;8,625930548E-2;6,178423722E-1
7,833070875E0;-4,863221049E-1;-1,444112975E-2;3,894659877E-2;4,880927919E-1
7,843136875E0;-3,954385519E-1;1,509744674E-1;-1,672012545E-2;4,236089007E-1
7,853203875E0;-3,149275184E-1;2,496222556E-1;-5,122958869E-2;4,051111984E-1
7,863270875E0;-2,481170446E-1;2,051429600E-1;-7,413224131E-2;3,303653902E-1
7,873337875E0;-2,005424798E-1;8,640152216E-2;-9,958028793E-2;2,399973812E-1
7,883404875E0;-1,805631816E-1;6,809388846E-2;-1,346061826E-1;2,352842209E-1
7,893471875E0;-1,474021673E-1;3,679572418E-2;-1,528614908E-1;2,155178870E-1
7,903537875E0;-1,108539924E-1;6,765244156E-2;-1,290160865E-1;1,830590371E-1
7,913604875E0;-5,496900529E-2;2,133802176E-1;-5,065583438E-2;2,260944987E-1
7,923671875E0;4,556585848E-2;3,262380362E-1;8,774411678E-2;3,408907944E-1
7,933738875E0;1,635954082E-1;3,380528092E-1;2,100906968E-1;4,303269226E-1
7,943805875E0;2,133097053E-1;2,665895224E-1;2,492924333E-1;4,227501875E-1
7,953872875E0;1,575971246E-1;2,092436850E-1;2,082660198E-1;3,346558059E-1
7,963939875E0;1,975457557E-2;2,248838991E-1;1,312367469E-1;2,611246734E-1
7,974005875E0;-1,341644973E-1;2,141013741E-1;7,919101417E-2;2,647843037E-1
7,984072875E0;-2,520021796E-1;3,151752353E-1;2,977579646E-2;4,046320866E-1
7,994139875E0;-3,058566749E-1;4,674512148E-1;2,714083716E-2;5,592812967E-1
8,004206875E0;-2,804668844E-1;4,980114996E-1;1,834476292E-1;6,002750700E-1
8,014273875E0;-1,939418167E-1;3,699313700E-1;4,682698548E-1;6,274864968E-1
8,024340875E0;-7,351978868E-2;1,935185492E-1;7,465374470E-1;7,747081695E-1
8,034407875E0;5,814563856E-2;2,557825856E-2;9,414179921E-1;9,435586884E-1
8,044473875E0;1,295825392E-1;-8,634028584E-2;1,037372231E0;1,048993530E0
8,054540875E0;1,322950721E-1;-9,111469239E-2;1,089887261E0;1,101661525E0
8,064607875E0;7,954025269E-2;-5,606110021E-2;1,129483461E0;1,133667671E0
8,074674875E0;2,707294188E-2;-2,305718884E-2;1,167764544E0;1,168305872E0
8,084741875E0;3,091975581E-3;-9,031425416E-2;1,180577874E0;1,184031394E0
8,094808875E0;3,510278882E-3;-1,756434888E-1;1,158105850E0;1,171354821E0
8,104874875E0;1,643539779E-2;-2,830759585E-1;1,114639640E0;1,150140708E0
8,114941875E0;1,792448759E-2;-3,560562432E-1;1,061515331E0;1,119782182E0
8,125008875E0;-7,683937438E-3;-3,280387223E-1;1,004710913E0;1,056935412E0
8,135075875E0;-3,665326908E-2;-2,720755637E-1;9,899722934E-1;1,027333303E0
8,145142875E0;-4,392129928E-2;-1,529869884E-1;1,060303092E0;1,072183168E0
8,155209875E0;-1,320790127E-2;3,452088684E-2;1,180311322E0;1,180889901E0
8,165276875E0;7,404204458E-2;1,771366149E-1;1,300348163E0;1,314444730E0
8,175342875E0;2,150665522E-1;2,249611020E-1;1,418038011E0;1,451789557E0
8,185409875E0;3,626168668E-1;2,471433878E-1;1,522719979E0;1,584691447E0
8,195476875E0;4,583140910E-1;2,898953557E-1;1,597611189E0;1,687143335E0
8,205543875E0;4,458997548E-1;3,914337158E-1;1,607822895E0;1,713809035E0
8,215610875E0;3,630049527E-1;5,575688481E-1;1,624436975E0;1,755406249E0
8,225677875E0;2,508690953E-1;8,022920489E-1;1,695373178E0;1,892326094E0
8,235743875E0;1,351964027E-1;1,035154939E0;1,814121604E0;2,093050646E0
8,245810875E0;5,332124606E-2;1,169073105E0;1,959564805E0;2,282426188E0
8,255877875E0;2,849453874E-2;1,230802178E0;2,102723360E0;2,436622964E0
8,265944875E0;6,264878064E-2;1,184628010E0;2,226331234E0;2,522661126E0
8,276011875E0;1,148129925E-1;9,281380773E-1;2,350254774E0;2,529490031E0
8,286078875E0;1,726770848E-1;6,142675281E-1;2,516602516E0;2,596233848E0
8,296145875E0;2,059336603E-1;3,241826892E-1;2,706341267E0;2,733456811E0
8,306211875E0;1,715479940E-1;1,588912010E-1;2,869044065E0;2,878556753E0
8,316278875E0;7,509152591E-2;1,730040312E-1;2,978745699E0;2,984710216E0
8,326345875E0;-3,104103729E-2;1,906775683E-1;3,041784763E0;3,047913389E0
8,336412875E0;-1,403398365E-1;1,547264606E-1;3,063496113E0;3,070609708E0
8,346479875E0;-2,805198431E-1;2,123625875E-1;3,059615612E0;3,079778717E0
8,356546875E0;-4,309552610E-1;3,562639654E-1;3,074374199E0;3,124807700E0
8,366613875E0;-5,706889629E-1;3,953602314E-1;3,142829657E0;3,218598120E0
8,376679875E0;-6,599580050E-1;1,899992675E-1;3,270271778E0;3,341604673E0
8,386746875E0;-7,165496349E-1;-1,342781484E-1;3,410055399E0;3,487112247E0
8,396813875E0;-7,336691618E-1;-4,268166423E-1;3,510501862E0;3,611656989E0
8,406880875E0;-7,012203932E-1;-6,401456594E-1;3,584823847E0;3,708430735E0
8,416947875E0;-6,475412846E-1;-8,183651567E-1;3,631132603E0;3,778115300E0
8,427014875E0;-6,009798646E-1;-1,020023108E0;3,655472755E0;3,842408750E0
8,437080875E0;-5,475540757E-1;-1,016378045E0;3,640009165E0;3,818704822E0
8,447147875E0;-4,719905853E-1;-7,411419749E-1;3,604103565E0;3,709666973E0
8,457214875E0;-3,721240759E-1;-3,765129447E-1;3,549216032E0;3,588477779E0
8,467281875E0;-2,717854679E-1;-6,245645881E-2;3,492830753E0;3,503945608E0
8,477348875E0;-2,019444555E-1;6,329222023E-2;3,452529192E0;3,459009293E0
8,487415875E0;-1,929419041E-1;6,227329746E-2;3,441029072E0;3,446996608E0
8,497482875E0;-2,385952920E-1;-3,640618920E-2;3,418199062E0;3,426709494E0
8,507548875E0;-3,272125125E-1;-1,137180179E-1;3,373275042E0;3,391015235E0
8,517615875E0;-4,326502085E-1;-2,529551089E-2;3,348500013E0;3,376429831E0
8,527682875E0;-5,084658861E-1;1,843338907E-1;3,369138002E0;3,412273058E0
8,537749875E0;-5,116731524E-1;3,906942010E-1;3,415472507E0;3,475615603E0
8,547816875E0;-4,020747244E-1;5,387806296E-1;3,416129589E0;3,481650474E0
8,557883875E0;-1,445533335E-1;5,968858600E-1;3,329665899E0;3,385829794E0
8,567950875E0;1,699015498E-1;5,031721592E-1;3,202936172E0;3,246667350E0
8,578016875E0;4,337563217E-1;2,328927666E-1;3,106972694E0;3,145737260E0
8,588083875E0;5,240047574E-1;-9,491465986E-2;2,984478235E0;3,031616749E0
8,598150875E0;3,707502186E-1;-2,863650620E-1;2,694161177E0;2,734586828E0
8,608217875E0;-6,436471827E-3;-3,252424002E-1;2,103843451E0;2,128845065E0
8,618284875E0;-4,564728737E-1;-1,640354097E-1;1,459152579E0;1,537661000E0
8,628351875E0;-8,261697292E-1;1,794146299E-1;1,083656549E0;1,374429899E0
8,638417875E0;-1,012803435E0;4,424954355E-1;9,679435492E-1;1,469179269E0
8,648484875E0;-9,427253008E-1;5,192338824E-1;1,031646371E0;1,490848434E0
8,658551875E0;-6,616278887E-1;4,552578926E-1;1,157762647E0;1,409051297E0
8,668618875E0;-3,267580271E-1;3,055549562E-1;1,245527387E0;1,323432322E0
8,678685875E0;-1,230152100E-1;1,159838587E-1;1,204205990E0;1,216016884E0
8,688752875E0;-1,009368077E-1;-4,247076064E-2;1,071810484E0;1,077390235E0
8,698819875E0;-2,001083642E-1;-1,195367873E-1;9,264085889E-1;9,552828244E-1
8,708885875E0;-2,909575701E-1;-1,788744032E-1;8,049021363E-1;8,743682341E-1
8,718952875E0;-2,639454305E-1;-2,238303721E-1;7,594910860E-1;8,346220315E-1
8,729019875E0;-1,617354304E-1;-2,545467317E-1;7,923728228E-1;8,478249102E-1
8,739086875E0;-5,321934819E-2;-2,658593357E-1;8,375422955E-1;8,803354940E-1
8,749153875E0;-5,998883769E-2;-1,744428873E-1;8,879703283E-1;9,069290411E-1
8,759220875E0;-1,566223949E-1;-1,023956165E-1;8,946312070E-1;9,139914843E-1
8,769287875E0;-1,570109576E-1;-7,866791636E-2;7,623895407E-1;7,823547109E-1
8,779353875E0;-1,130236760E-1;-1,232679784E-1;5,485783815E-1;5,735046526E-1
8,789421125E0;-8,090541512E-2;-1,979954839E-1;3,710672259E-1;4,282975414E-1
8,799488125E0;-7,913026214E-2;-2,237590402E-1;2,531594634E-1;3,470150146E-1
8,809555125E0;-1,019423679E-1;-2,036881149E-1;1,872241199E-1;2,948456640E-1
8,819622125E0;-1,224392429E-1;-1,652846932E-1;1,493836194E-1;2,542161753E-1
8,829689125E0;-1,298396289E-1;-1,177859008E-1;1,211093739E-1;2,130711809E-1
8,839755125E0;-8,781609684E-2;-2,978752926E-2;7,836607099E-2;1,214092453E-1
8,849822125E0;-1,070399769E-2;1,214406118E-1;4,423660040E-2;1,296891459E-1
8,859889125E0;6,463873386E-2;3,190601766E-1;4,757492244E-2;3,289999019E-1
8,869956125E0;1,097923592E-1;4,608561993E-1;6,199620664E-2;4,777931856E-1
8,880023125E0;1,344180852E-1;4,515117109E-1;6,214064360E-2;4,751762897E-1
8,890090125E0;1,724115461E-1;2,987671793E-1;4,600188881E-2;3,479996299E-1
8,900157125E0;2,193812728E-1;6,087717414E-2;-7,165159099E-3;2,277839167E-1
8,910223125E0;2,210340351E-1;-1,740908623E-1;-9,361402690E-2;2,965253093E-1
8,920290125E0;1,570698172E-1;-2,280881107E-1;-1,719473749E-1;3,259770137E-1
8,930357125E0;5,574293435E-2;-1,287639141E-1;-2,297089398E-1;2,691720961E-1
8,940424125E0;-2,744039986E-3;1,112389006E-2;-2,326014340E-1;2,328834425E-1
8,950491125E0;4,267796874E-3;8,838272840E-2;-1,731767356E-1;1,944733980E-1
8,960558125E0;3,335267678E-2;8,546609432E-2;-9,554420412E-2;1,324596137E-1
8,970625125E0;4,852284119E-2;1,767239906E-2;-4,429699481E-2;6,803678089E-2
8,980691125E0;4,608977586E-2;-9,651781619E-2;-4,949229211E-2;1,178534822E-1
8,990758125E0;3,502593935E-2;-2,500429153E-1;-8,739706129E-2;2,671825635E-1
9,000825125E0;1,938093640E-2;-3,449212015E-1;-1,685569733E-1;3,843926497E-1
9,010892125E0;2,050026320E-2;-3,467372060E-1;-2,720074654E-1;4,411745822E-1
9,020959125E0;3,632868454E-2;-2,880866528E-1;-3,583784997E-1;4,612470508E-1
9,031026125E0;3,120849095E-2;-1,929489225E-1;-4,179552794E-1;4,613999048E-1
9,041092125E0;-1,001541968E-2;-7,689661533E-2;-4,483287632E-1;4,549857998E-1
9,051159125E0;-6,277530640E-2;8,882205933E-3;-4,454187453E-1;4,499083144E-1
9,061226125E0;-7,468758523E-2;4,403134063E-2;-4,211424887E-1;4,299744064E-1
9,071293125E0;-5,163526535E-2;4,119826853E-2;-3,931273520E-1;3,986384488E-1
9,081360125E0;-2,842421830E-2;2,908406779E-3;-3,838558495E-1;3,849177941E-1
9,091427125E0;-1,221781783E-2;-9,317471087E-2;-4,145325124E-1;4,250505919E-1
9,101494125E0;2,537072636E-2;-1,948915869E-1;-4,710202515E-1;5,103787630E-1
9,111560125E0;7,141278684E-2;-2,105770856E-1;-5,475887656E-1;5,910126491E-1
9,121627125E0;7,275220752E-2;-1,817729324E-1;-6,639705896E-1;6,922363950E-1
9,131694125E0;1,051013730E-2;-2,147314250E-1;-9,126781225E-1;9,376574018E-1
9,141761125E0;-2,952082828E-2;-3,016062677E-1;-1,065468550E0;1,107727877E0
9,151828125E0;-4,496609792E-2;-4,368194640E-1;-1,170708895E0;1,250356953E0
9,161895125E0;-4,356364161E-2;-5,500251651E-1;-1,307204247E0;1,418875757E0
9,171962125E0;-3,521995991E-2;-6,317674518E-1;-1,482105017E0;1,611522832E0
9,182028125E0;-4,847367480E-2;-6,530453563E-1;-1,697161555E0;1,819113872E0
9,192095125E0;-9,000194073E-2;-5,911095738E-1;-1,942705750E0;2,032637821E0
9,202162125E0;-1,699295789E-1;-5,221722126E-1;-2,151124239E0;2,220107063E0
9,212229125E0;-3,039006889E-1;-3,242886961E-1;-2,272943974E0;2,315986419E0
9,222296125E0;-4,434126616E-1;-1,101653576E-1;-2,259095669E0;2,304835013E0
9,232363125E0;-5,157576799E-1;2,723645419E-3;-2,102507114E0;2,164844006E0
9,242430125E0;-4,795883298E-1;3,633552417E-2;-1,848487258E0;1,910034130E0
9,252496125E0;-3,416469693E-1;1,365204994E-2;-1,573463321E0;1,610185037E0
9,262563125E0;-1,570615917E-1;-5,759159848E-2;-1,345298648E0;1,355659835E0
9,272630125E0;1,351627428E-2;-1,098121926E-1;-1,214064479E0;1,219095553E0
9,282697125E0;1,444204152E-1;-1,156314015E-1;-1,200114131E0;1,214290659E0
9,292764125E0;2,426425964E-1;-5,045079440E-2;-1,333879352E0;1,356707351E0
9,302831125E0;3,378934264E-1;1,144641936E-1;-1,565058947E0;1,605205135E0
9,312898125E0;4,587263465E-1;3,177241087E-1;-1,810639620E0;1,894675250E0
9,322964125E0;5,604729652E-1;5,210222602E-1;-2,037456512E0;2,176424403E0
9,333031125E0;5,736575127E-1;7,329792380E-1;-2,234183550E0;2,420313542E0
9,343098125E0;4,961812198E-1;8,581879735E-1;-2,366871357E0;2,566079192E0
9,353165125E0;3,583317399E-1;8,416103125E-1;-2,418462753E0;2,585666576E0
9,363232125E0;1,677120775E-1;7,288227677E-1;-2,394011259E0;2,508106831E0
9,373299125E0;-5,257181451E-2;5,972011089E-1;-2,315219402E0;2,391579779E0
9,383365125E0;-2,589185536E-1;5,318033695E-1;-2,250964403E0;2,327379296E0
9,393432125E0;-3,783863783E-1;4,382624924E-1;-2,215302944E0;2,289719939E0
9,403499125E0;-3,713851571E-1;2,995176017E-1;-2,210539579E0;2,261442672E0
9,413566125E0;-2,261683047E-1;7,146152109E-2;-2,248914957E0;2,261388364E0
9,423633125E0;7,029722910E-3;-2,073402405E-1;-2,317990780E0;2,327256034E0
9,433700125E0;2,491097301E-1;-4,716552496E-1;-2,412290812E0;2,470558903E0
9,443767125E0;4,495300949E-1;-6,313785315E-1;-2,535742760E0;2,651548133E0
9,453833125E0;5,580887794E-1;-6,909643412E-1;-2,655526161E0;2,800127497E0
9,463900125E0;5,683207512E-1;-7,028995752E-1;-2,738893986E0;2,884197731E0
9,473967125E0;4,984495342E-1;-6,383203268E-1;-2,764033794E0;2,880240892E0
9,484034125E0;3,701000810E-1;-4,885183871E-1;-2,750654936E0;2,818106964E0
9,494101125E0;2,066674680E-1;-2,679229081E-1;-2,739846230E0;2,760661422E0
9,504168125E0;4,564529285E-2;4,426589981E-2;-2,722442865E0;2,723185289E0
9,514235125E0;-8,152277768E-2;3,187762797E-1;-2,720456839E0;2,740282776E0
9,524301125E0;-1,352857947E-1;5,267217159E-1;-2,811656475E0;2,863765030E0
9,534368125E0;-1,131714359E-1;6,848191619E-1;-2,981003523E0;3,060746161E0
9,544435125E0;-7,657078095E-3;7,738373280E-1;-3,111502647E0;3,206295614E0
9,554502125E0;1,371845305E-1;7,569802999E-1;-3,157688141E0;3,250051256E0
9,564569125E0;2,845060825E-1;7,311950922E-1;-3,133723974E0;3,230451349E0
9,574636125E0;4,118211567E-1;7,299069166E-1;-3,102282286E0;3,213489716E0
9,584703125E0;4,871794283E-1;7,043734789E-1;-3,093833208E0;3,210185308E0
9,594769125E0;5,094940066E-1;6,253920794E-1;-3,098813772E0;3,202084663E0
9,604836125E0;4,991752505E-1;5,304676294E-1;-3,081005573E0;3,165938594E0
9,614903125E0;4,486463070E-1;4,360896647E-1;-3,020645857E0;3,084762405E0
9,624970125E0;3,861318231E-1;3,819338977E-1;-2,955880165E0;3,005361682E0
9,635037125E0;3,320531547E-1;4,805472791E-1;-2,912683487E0;2,970675021E0
9,645104125E0;3,283854723E-1;7,175691724E-1;-2,897174120E0;3,002725498E0
9,655171125E0;4,124867618E-1;8,111515641E-1;-2,890405416E0;3,030273199E0
9,665237125E0;6,029489636E-1;6,093520522E-1;-2,869536877E0;2,994845449E0
9,675304125E0;8,337438107E-1;2,170811743E-1;-2,830415726E0;2,958632481E0
9,685371125E0;9,413575530E-1;-7,307728380E-2;-2,845869303E0;2,998410649E0
9,695438125E0;8,962039351E-1;-2,029868215E-1;-2,972871065E0;3,111647074E0
9,705505125E0;7,507827282E-1;-3,474466503E-1;-3,152726173E0;3,259459496E0
9,715572125E0;5,617475510E-1;-4,726016223E-1;-3,263230562E0;3,344784942E0
9,725639125E0;3,918335140E-1;-3,869642317E-1;-3,264001369E0;3,310132891E0
9,735705125E0;2,551523745E-1;-3,748080134E-2;-3,198010683E0;3,208392101E0
9,745772125E0;2,031508088E-1;3,161831796E-1;-3,039825201E0;3,062969035E0
9,755839125E0;2,900673151E-1;4,719890356E-1;-2,761158228E0;2,816186687E0
9,765906125E0;3,843164742E-1;6,901313066E-1;-2,597874641E0;2,715314535E0
9,775973125E0;4,333410263E-1;8,931528926E-1;-2,565159321E0;2,750554285E0
9,786040125E0;4,866749942E-1;8,493381143E-1;-2,561443567E0;2,742119788E0
9,796106500E0;5,922920108E-1;6,084988713E-1;-2,521320105E0;2,660476606E0
9,806173500E0;7,523558736E-1;2,904927135E-1;-2,377393484E0;2,510463136E0
9,816240500E0;9,031586647E-1;1,074841246E-2;-2,226145983E0;2,402402347E0
9,826307500E0;1,025170684E0;-1,650564075E-1;-2,189188719E0;2,422966322E0
9,836374500E0;1,114553809E0;-3,365919292E-1;-2,322596550E0;2,598072180E0
9,846441500E0;1,083691001E0;-6,577083468E-1;-2,601695299E0;2,894094830E0
9,856508500E0;8,831216693E-1;-1,106387138E0;-2,888396263E0;3,216648777E0
9,866575500E0;5,358847976E-1;-1,520976901E0;-3,135777235E0;3,526136996E0
9,876641500E0;1,214535832E-1;-1,756765723E0;-3,330816984E0;3,767667523E0
9,886708500E0;-2,402965277E-1;-1,851734757E0;-3,395127296E0;3,874732687E0
9,896775500E0;-4,922765791E-1;-1,855944991E0;-3,295777559E0;3,814317470E0
9,906842500E0;-5,943222046E-1;-1,851013184E0;-3,086439848E0;3,647681404E0
9,916909500E0;-5,580883026E-1;-1,757785559E0;-2,898999453E0;3,435908970E0
9,926976500E0;-4,752841592E-1;-1,616309524E0;-2,826889992E0;3,290844654E0
9,937042500E0;-3,942071497E-1;-1,440057635E0;-2,887878418E0;3,251000927E0
9,947109500E0;-3,049341440E-1;-1,096595764E0;-3,061808109E0;3,266523534E0
9,957176500E0;-1,613785774E-1;-6,335319281E-1;-3,255433083E0;3,320429235E0
9,967243500E0;6,731212884E-2;-1,397005618E-1;-3,326890945E0;3,330503045E0
9,977310500E0;3,626689315E-1;3,775372803E-1;-3,249470234E0;3,291370528E0
9,987377500E0;6,930857301E-1;9,256405234E-1;-3,116234541E0;3,323867615E0
9,997444500E0;1,032424688E0;1,300587296E0;-2,964606047E0;3,397987208E0
1,000751050E1;1,265846252E0;1,309192896E0;-2,799952745E0;3,340073076E0
1,001757750E1;1,307319641E0;1,097583532E0;-2,643409491E0;3,146647103E0
1,002764450E1;1,130311131E0;8,215009570E-1;-2,547420263E0;2,905480524E0
1,003771150E1;7,551697493E-1;5,764907002E-1;-2,527994394E0;2,700625582E0
1,004777850E1;3,220636547E-1;4,109535217E-1;-2,532004118E0;2,585276126E0
1,005784550E1;-3,383827582E-2;2,722116113E-1;-2,471417665E0;2,486593949E0
1,006791250E1;-2,629123628E-1;1,825407743E-1;-2,339348793E0;2,361143117E0
1,007797850E1;-3,666486144E-1;9,920700639E-2;-2,188562870E0;2,221279062E0
1,008804550E1;-3,980278075E-1;-1,353351623E-1;-2,095273733E0;2,137033869E0
1,009811250E1;-4,000118673E-1;-5,317038298E-1;-2,049677610E0;2,154970246E0
1,010817950E1;-4,028805494E-1;-1,062808275E0;-2,048894405E0;2,343041282E0
1,011824650E1;-4,169169962E-1;-1,744647861E0;-2,043206692E0;2,718880197E0
1,012831350E1;-4,211955369E-1;-2,574935198E0;-2,038925171E0;3,311330972E0
1,013838050E1;-4,134041965E-1;-3,330845833E0;-2,076621294E0;3,946871291E0
1,014844650E1;-3,914651871E-1;-3,758558035E0;-2,122565985E0;4,334200025E0
1,015851350E1;-6,258798242E-1;-3,340569019E0;-1,977469921E0;3,932113200E0
1,016858050E1;-1,106137395E0;-2,346070766E0;-1,706461072E0;3,104770099E0
1,017864750E1;-1,388750076E0;-1,543409705E0;-1,589146972E0;2,614599088E0
1,018871450E1;-1,406448483E0;-1,029724121E0;-1,559207439E0;2,338708392E0
1,019878150E1;-1,179677963E0;-7,410582900E-1;-1,627694845E0;2,142474736E0
1,020884850E1;-8,302434683E-1;-4,559401572E-1;-1,681231737E0;1,929695778E0
1,021891450E1;-4,136395752E-1;-1,012084037E-1;-1,707859159E0;1,760148785E0
1,022898150E1;4,808239266E-2;1,974208504E-1;-1,660925865E0;1,673308590E0
1,023904850E1;5,651801229E-1;5,950750113E-1;-1,634621263E0;1,829078870E0
1,024911550E1;9,283821583E-1;1,034668207E0;-1,692649245E0;2,190318059E0
1,025918250E1;6,911328435E-1;1,020782113E0;-1,450941324E0;1,903914771E0
1,026924950E1;2,596854270E-1;9,436468482E-1;-1,341008306E0;1,660183475E0
1,027931650E1;-9,429476410E-2;6,455842853E-1;-1,299167991E0;1,453790920E0
1,028938250E1;-3,540235162E-1;2,966212034E-1;-1,204326630E0;1,289852480E0
1,029944950E1;-5,341114998E-1;1,610905379E-1;-1,155707359E0;1,283310078E0
1,030951650E1;-6,089579463E-1;1,947724223E-1;-1,153224468E0;1,318594991E0
1,031958350E1;-6,037530899E-1;2,233907431E-1;-1,234118462E0;1,391930169E0
1,032965050E1;-5,646005273E-1;2,365703881E-1;-1,448427081E0;1,572475855E0
1,033971750E1;-4,970192909E-1;2,359045893E-1;-1,749392033E0;1,833862491E0
1,034978450E1;-4,230189919E-1;1,909780055E-1;-2,020438910E0;2,073063205E0
1,035985050E1;-3,854513764E-1;9,101652354E-2;-2,175435543E0;2,211193473E0
1,036991750E1;-3,962687850E-1;-1,073461995E-1;-2,225336790E0;2,262891068E0
1,037998450E1;-4,409784675E-1;-2,770132720E-1;-2,226404905E0;2,286498888E0
1,039005150E1;-5,211841464E-1;-2,997975945E-1;-2,219434261E0;2,299434703E0
1,040011850E1;-6,087281108E-1;-2,109007537E-1;-2,219015121E0;2,310639987E0
1,041018550E1;-6,607509851E-1;-4,296245426E-2;-2,241304398E0;2,337067188E0
1,042025250E1;-6,737903953E-1;-2,448916994E-2;-2,214323044E0;2,314696472E0
1,043031850E1;-6,767089963E-1;-1,355868578E-1;-2,090960741E0;2,201916366E0
1,044038550E1;-6,523586512E-1;-2,462555766E-1;-1,918203235E0;2,041008885E0
1,045045250E1;-5,490328670E-1;-2,323391289E-1;-1,804780602E0;1,900697657E0
1,046051950E1;-3,845930994E-1;-1,487861723E-1;-1,740026951E0;1,788223411E0
1,047058650E1;-2,111433595E-1;-9,914343059E-2;-1,688549638E0;1,704585233E0
1,048065350E1;-1,014975533E-1;-1,033983603E-1;-1,615807056E0;1,622290177E0
1,049072050E1;-1,045147628E-1;-4,877762869E-2;-1,508407474E0;1,512810530E0
1,050078650E1;-1,697749794E-1;6,582671404E-2;-1,402772903E0;1,414541805E0
1,051085350E1;-2,271174490E-1;1,425053477E-1;-1,320072770E0;1,347027182E0
1,052092050E1;-2,598849833E-1;1,785381883E-1;-1,212004900E0;1,252346584E0
1,053098750E1;-2,719175518E-1;1,592259258E-1;-1,062803388E0;1,108531953E0
1,054105450E1;-2,650285065E-1;1,171493158E-1;-9,120485783E-1;9,569726645E-1
1,055112150E1;-2,584056258E-1;1,229013205E-1;-7,805451155E-1;8,313416141E-1
1,056118850E1;-2,239704430E-1;1,544693559E-1;-6,893669963E-1;7,411142940E-1
1,057125450E1;-1,722674370E-1;2,044040263E-1;-5,995723605E-1;6,564633206E-1
1,058132150E1;-1,123535112E-1;2,597754300E-1;-5,404757857E-1;6,100988940E-1
1,059138850E1;-8,026066422E-2;3,471376002E-1;-5,098029375E-1;6,219689082E-1
1,060145550E1;-7,357160747E-2;4,573442638E-1;-5,020496845E-1;6,831035374E-1
1,061152250E1;-8,395096660E-2;5,477039218E-1;-4,893822074E-1;7,392714628E-1
1,062158950E1;-9,728248417E-2;5,330943465E-1;-4,764195383E-1;7,215462843E-1
1,063165650E1;-8,908474445E-2;3,799189329E-1;-4,669012427E-1;6,084991847E-1
1,064172250E1;-5,744213611E-2;1,906557977E-1;-4,082560539E-1;4,542270773E-1
1,065178950E1;7,415462751E-4;5,976385996E-2;-3,138377964E-1;3,194783738E-1
1,066185650E1;8,025234938E-2;4,206209257E-2;-2,167216539E-1;2,348998393E-1
1,067192350E1;1,632050276E-1;1,333014369E-1;-1,324185878E-1;2,488771514E-1
1,068199050E1;2,188677490E-1;1,959485710E-1;-6,734239310E-2;3,013866817E-1
1,069205750E1;2,328808010E-1;1,581297815E-1;-1,716385409E-2;2,820161221E-1
1,070212450E1;1,982128471E-1;7,890740037E-2;2,413405105E-2;2,147024989E-1
1,071219050E1;1,419545263E-1;2,389703318E-2;6,803177297E-2;1,592183340E-1
1,072225750E1;1,119148657E-1;5,794901028E-2;1,292224377E-1;1,805033611E-1
1,073232450E1;1,173290983E-1;1,305285543E-1;1,978164315E-1;2,644525692E-1
1,074239150E1;1,677824259E-1;1,903854907E-1;2,587186396E-1;3,623988300E-1
1,075245850E1;2,287072539E-1;2,079406083E-1;3,023757339E-1;4,324088216E-1
1,076252550E1;2,464050353E-1;2,056311071E-1;3,318659663E-1;4,616650444E-1
1,077259250E1;2,087134719E-1;2,027233392E-1;3,450754583E-1;4,513702887E-1
1,078265950E1;1,416055411E-1;1,824026257E-1;3,387720287E-1;4,099869931E-1
1,079272550E1;7,207743078E-2;1,799315810E-1;3,309891820E-1;3,835679451E-1
1,080279250E1;1,866533980E-2;2,010035813E-1;3,332493901E-1;3,896228826E-1
1,081285950E1;-8,015841246E-3;2,370711118E-1;3,234825432E-1;4,011332965E-1
1,082292650E1;-1,213388797E-2;2,687738836E-1;3,302496374E-1;4,259711900E-1
1,083299350E1;-6,899024826E-3;2,412092388E-1;3,758700788E-1;4,466629709E-1
1,084306050E1;1,137596322E-3;1,554221660E-1;4,356961250E-1;4,625888641E-1
1,085312750E1;1,339810435E-2;5,732929707E-2;4,780870378E-1;4,816984256E-1
1,086319350E1;3,288285434E-2;1,126886159E-2;5,237304568E-1;5,248827114E-1
1,087326050E1;4,150921479E-2;8,012751117E-3;5,690860152E-1;5,706541087E-1
1,088332750E1;5,735741928E-2;5,207288638E-2;6,176106930E-1;6,224503411E-1
1,089339450E1;9,640374035E-2;1,262208074E-1;6,735785604E-1;6,920501791E-1
1,090346150E1;1,367620826E-1;2,062546611E-1;7,295467257E-1;7,703786585E-1
1,091352850E1;1,701942980E-1;3,069756925E-1;7,611050606E-1;8,381414487E-1
1,092359550E1;1,756543219E-1;3,795252740E-1;7,809288502E-1;8,858576316E-1
1,093366150E1;1,338046342E-1;4,007892311E-1;8,061190248E-1;9,101448071E-1
1,094372850E1;6,464501470E-2;3,517844081E-1;8,494792581E-1;9,217083365E-1
1,095379550E1;1,973558962E-2;2,664479315E-1;9,005886912E-1;9,393848969E-1
1,096386250E1;1,042624470E-2;1,971436888E-1;9,434160590E-1;9,638507151E-1
1,097392950E1;5,438091606E-2;1,465063244E-1;9,724712968E-1;9,849476180E-1
1,098399650E1;1,316618621E-1;1,086396351E-1;9,871559739E-1;1,001805537E0
1,099406350E1;1,934538484E-1;9,402982146E-2;1,023634791E0;1,045989572E0
1,100412950E1;2,115132809E-1;1,074249893E-1;1,079457998E0;1,105218334E0
1,101419650E1;1,718467921E-1;1,216530204E-1;1,134100199E0;1,153479102E0
1,102426350E1;4,366352409E-2;1,928683370E-1;1,208588243E0;1,224659234E0
1,103433050E1;-1,209972873E-1;2,540429533E-1;1,263034344E0;1,293999196E0
1,104439750E1;-2,584280968E-1;2,960260808E-1;1,232128620E0;1,293273930E0
1,105446450E1;-3,440843225E-1;3,939532638E-1;1,169505835E0;1,281146788E0
1,106453150E1;-3,329219520E-1;4,803576767E-1;1,181283116E0;1,317956875E0
1,107459750E1;-2,233741581E-1;4,339704812E-1;1,312316656E0;1,400143349E0
1,108466450E1;-5,392626673E-2;1,437650174E-1;1,473868489E0;1,481845048E0
1,109473150E1;1,279141456E-1;-2,479199469E-1;1,586909175E0;1,611243947E0
1,110479850E1;2,797340155E-1;-5,161953568E-1;1,626041174E0;1,728791099E0
1,111486550E1;3,953544497E-1;-5,292741656E-1;1,629077554E0;1,757933434E0
1,112493250E1;5,147178769E-1;-3,552290797E-1;1,667443037E0;1,780867337E0
1,113499950E1;5,998142362E-1;-1,008577123E-1;1,728504777E0;1,832396835E0
1,114506650E1;5,988656282E-1;1,016352028E-1;1,733406901E0;1,836755085E0
1,115513250E1;5,380610228E-1;1,431739926E-1;1,675937295E0;1,766005174E0
1,116519950E1;4,838752449E-1;9,894234128E-3;1,614431858E0;1,685414896E0
1,117526650E1;4,900274277E-1;-2,312186062E-1;1,594025373E0;1,683599066E0
1,118533350E1;5,298523307E-1;-4,873550236E-1;1,638010859E0;1,789228322E0
1,119540050E1;5,529100895E-1;-6,584352255E-1;1,701251030E0;1,906174593E0
1,120546750E1;5,382691026E-1;-7,607879639E-1;1,721137643E0;1,957254899E0
1,121553450E1;5,164085627E-1;-8,217378855E-1;1,704287767E0;1,961256676E0
1,122560050E1;4,992138445E-1;-8,438935280E-1;1,695535541E0;1,958624905E0
1,123566750E1;4,962809384E-1;-7,550955415E-1;1,725701332E0;1,947949982E0
1,124573450E1;5,093829036E-1;-5,776847601E-1;1,779458284E0;1,938984892E0
1,125580150E1;5,073893070E-1;-2,923441231E-1;1,809090137E0;1,901503647E0
1,126586850E1;4,886389971E-1;-3,730516136E-2;1,833669782E0;1,898026505E0
1,127593550E1;4,689218998E-1;1,478512138E-1;1,832871795E0;1,897674036E0
1,128600250E1;4,035876393E-1;2,232623547E-1;1,774746180E0;1,833699284E0
1,129606850E1;2,875315547E-1;2,390445322E-1;1,759797335E0;1,799084029E0
1,130613550E1;1,082169414E-1;1,769247055E-1;1,736601710E0;1,748942183E0
1,131620250E1;-9,706068784E-2;1,140328404E-2;1,792282581E0;1,794945031E0
1,132626950E1;-2,946065068E-1;-2,105402946E-1;1,932083249E0;1,965722740E0
1,133633650E1;-4,623903632E-1;-4,078989923E-1;2,084099770E0;2,173397866E0
1,134640350E1;-5,868473649E-1;-5,241097808E-1;2,207618952E0;2,343642961E0
1,135647050E1;-6,465479136E-1;-6,816035509E-1;2,309512138E0;2,493281758E0
1,136653650E1;-6,449361444E-1;-8,626545668E-1;2,382985830E0;2,615097895E0
1,137660350E1;-5,891265273E-1;-9,652785659E-1;2,457118511E0;2,704859359E0
1,138667050E1;-4,859008491E-1;-9,872052073E-1;2,559453011E0;2,785942115E0
1,139673750E1;-3,522948623E-1;-9,421417713E-1;2,641594172E0;2,826616804E0
1,140680450E1;-2,021043152E-1;-8,171436191E-1;2,653523684E0;2,783838678E0
1,141687150E1;-2,958086878E-2;-5,935704112E-1;2,590126038E0;2,657433678E0
1,142693850E1;1,359865367E-1;-2,848980427E-1;2,478039503E0;2,498067055E0
1,143700450E1;2,924340367E-1;8,077800274E-3;2,350135326E0;2,368273415E0
1,144707150E1;4,128067791E-1;3,459687531E-1;2,247260809E0;2,310905658E0
1,145713850E1;5,026271343E-1;6,923899055E-1;2,180233955E0;2,342105445E0
1,146720550E1;5,411897302E-1;9,310104847E-1;2,205896854E0;2,454719491E0
1,147727250E1;5,054378510E-1;1,069513559E0;2,329966545E0;2,613057745E0
1,148733950E1;4,141010344E-1;1,136289358E0;2,526020527E0;2,800609376E0
1,149740650E1;2,930604219E-1;1,154691696E0;2,741509914E0;2,989159403E0
1,150747250E1;2,050746381E-1;1,122814655E0;2,922178268E0;3,137179337E0
1,151753950E1;1,620577425E-1;1,034590483E0;3,018266201E0;3,194772455E0
1,152760650E1;1,421266347E-1;1,036570311E0;3,024976492E0;3,200806268E0
1,153767350E1;1,217419282E-1;1,134088159E0;2,956622601E0;3,169005246E0
1,154774050E1;6,643046439E-2;1,084633470E0;2,916045427E0;3,111938898E0
1,155780750E1;1,590257324E-2;8,918709755E-1;2,948772669E0;3,080738058E0
1,156787450E1;3,543109167E-3;6,859313846E-1;3,020393133E0;3,097303520E0
1,157794050E1;-1,996904379E-3;6,148715019E-1;3,113315105E0;3,173452678E0
1,158800750E1;-1,981798001E-2;6,582048535E-1;3,254740715E0;3,320687204E0
1,159807450E1;5,611912161E-2;5,462217927E-1;3,348110914E0;3,392838678E0
1,160814150E1;1,658176631E-1;5,389132500E-1;3,352124214E0;3,399214576E0
1,161820850E1;2,744790614E-1;5,651183128E-1;3,297119379E0;3,356440624E0
1,162827550E1;3,393813670E-1;5,813271403E-1;3,192520142E0;3,262714485E0
1,163834250E1;3,194427192E-1;5,605207682E-1;3,043103456E0;3,110740399E0
1,164840950E1;2,475056797E-1;5,224983096E-1;2,917956114E0;2,974681735E0
1,165847550E1;1,499557942E-1;5,716438890E-1;2,858373642E0;2,918829107E0
1,166854250E1;6,052019075E-2;7,072606087E-1;2,858718872E0;2,945531166E0
1,167860950E1;6,216549315E-3;7,884445786E-1;2,879635334E0;2,985629441E0
1,168867650E1;-1,519553177E-2;7,602305412E-1;2,893351316E0;2,991598773E0
1,169874350E1;-6,778767332E-3;7,290852666E-1;2,892710924E0;2,983184166E0
1,170881050E1;-3,192539886E-2;5,679413676E-1;2,856000900E0;2,912098517E0
1,171887750E1;-1,054927856E-1;3,663669825E-1;2,765215397E0;2,791374157E0
1,172894350E1;-2,026371807E-1;2,658789754E-1;2,645676851E0;2,666713231E0
1,173901050E1;-2,624625862E-1;2,619927824E-1;2,531265497E0;2,558286896E0
1,174907750E1;-2,749141753E-1;3,657668531E-1;2,411753893E0;2,454774946E0
1,175914450E1;-2,621677816E-1;5,374653339E-1;2,284346819E0;2,361321943E0
1,176921150E1;-1,846237034E-1;7,478601336E-1;2,191472292E0;2,322914440E0
1,177927850E1;-1,603035815E-2;7,559723258E-1;2,168616295E0;2,296660132E0
1,178934550E1;1,696769297E-1;3,878235817E-1;2,212124109E0;2,252263410E0
1,179941054E1;2,756918073E-1;-1,121771783E-1;2,294431210E0;2,313656039E0
1,180947754E1;2,412377000E-1;-4,025871754E-1;2,349301338E0;2,395723031E0
1,181954454E1;8,549843729E-2;-4,009083807E-1;2,387278080E0;2,422216783E0
1,182961154E1;-1,117086411E-1;-1,939101815E-1;2,442496777E0;2,452727152E0
1,183967854E1;-2,870781422E-1;1,860656887E-1;2,565196991E0;2,587908403E0
1,184974554E1;-3,931201696E-1;5,581295490E-1;2,742257118E0;2,825955796E0
1,185981254E1;-4,409648776E-1;7,410977483E-1;2,924139261E0;3,048649917E0
1,186987854E1;-4,377301931E-1;6,820072532E-1;3,087900877E0;3,192471369E0
1,187994554E1;-4,548935294E-1;4,582413733E-1;3,218008041E0;3,282147016E0
1,189001254E1;-5,201026201E-1;1,572263986E-1;3,318063021E0;3,362256547E0
1,190007954E1;-6,182498336E-1;-1,537102759E-1;3,404085398E0;3,463185975E0
1,191014654E1;-7,339857817E-1;-4,177105129E-1;3,474882603E0;3,576034997E0
1,192021354E1;-8,372935653E-1;-6,362640858E-1;3,520472765E0;3,674183037E0
1,193028054E1;-9,447358251E-1;-7,498010397E-1;3,524974108E0;3,725609995E0
1,194034654E1;-1,039856434E0;-7,132471204E-1;3,501980066E0;3,722081037E0
1,195041354E1;-1,130758643E0;-6,292765737E-1;3,495918274E0;3,727740427E0
1,196048054E1;-1,186179876E0;-5,877354741E-1;3,491538763E0;3,734072659E0
1,197054754E1;-1,170009375E0;-5,756329894E-1;3,465382814E0;3,702587383E0
1,198061454E1;-1,067179918E0;-5,326797962E-1;3,369634867E0;3,574501347E0
1,199068154E1;-9,219878912E-1;-4,427828789E-1;3,207905531E0;3,367012956E0
1,200074854E1;-7,317544818E-1;-4,148004055E-1;3,026248217E0;3,140971548E0
1,201081454E1;-5,324254036E-1;-5,344980955E-1;2,841370344E0;2,939821501E0
1,202088154E1;-3,710878491E-1;-7,198021412E-1;2,608851910E0;2,731653272E0
1,203094854E1;-2,761216462E-1;-6,684289575E-1;2,341047049E0;2,450212586E0
1,204101554E1;-2,439410239E-1;-4,616183341E-1;2,100055695E0;2,163985358E0
1,205108254E1;-2,518892288E-1;-2,691362202E-1;1,901689410E0;1,937086756E0
1,206114954E1;-2,541122139E-1;-8,521582931E-2;1,771212578E0;1,791376217E0
1,207121654E1;-2,195659429E-1;3,692872077E-2;1,689779520E0;1,704384863E0
1,208128354E1;-1,306022853E-1;1,427132338E-1;1,665837169E0;1,677032348E0
1,209134954E1;-5,006429926E-2;2,176764309E-1;1,706430078E0;1,720986076E0
1,210141654E1;-2,802086063E-2;2,645899653E-1;1,789127350E0;1,808803387E0
1,211148354E1;-7,256648690E-2;3,110797107E-1;1,912909508E0;1,939396624E0
1,212155054E1;-1,422894597E-1;3,323676884E-1;2,059602499E0;2,091094695E0
1,213161754E1;-1,995980144E-1;2,946634591E-1;2,218932152E0;2,247292997E0
1,214168454E1;-2,143443674E-1;2,182812840E-1;2,317686796E0;2,337790049E0
1,215175154E1;-1,791160703E-1;1,970969141E-1;2,279732943E0;2,295236818E0
1,216181754E1;-1,067955345E-1;1,848215461E-1;2,177988052E0;2,188423233E0
1,217188454E1;-3,518579528E-2;1,311172992E-1;2,092238188E0;2,096637885E0
1,218195154E1;3,141754121E-2;4,625161737E-2;2,087833881E0;2,088582436E0
1,219201854E1;8,134808391E-2;-2,881064080E-2;2,141561270E0;2,143299381E0
1,220208554E1;1,137174368E-1;-8,218357712E-2;2,254588366E0;2,258949865E0
1,221215254E1;1,045412496E-1;-1,571712643E-1;2,357240677E0;2,364786521E0
1,222221954E1;3,791402280E-2;-1,394262463E-1;2,380691290E0;2,385071942E0
1,223228554E1;-5,751129612E-2;-8,099543303E-2;2,323429346E0;2,325551921E0
1,224235254E1;-1,242434233E-1;-9,831917286E-2;2,140606642E0;2,146462178E0
1,225241954E1;-1,489562243E-1;-1,700567454E-1;1,868576765E0;1,882202534E0
1,226248654E1;-1,519017965E-1;-2,474430054E-1;1,556325078E0;1,583177168E0
1,227255354E1;-9,618527442E-2;-2,883105576E-1;1,282352328E0;1,317877869E0
1,228262054E1;5,563325435E-2;-3,011311889E-1;1,155249119E0;1,195146677E0
1,229268754E1;2,900380492E-1;-2,906588316E-1;1,208766103E0;1,276604918E0
1,230275354E1;5,124220252E-1;-1,966245919E-1;1,366078019E0;1,472211505E0
1,231282054E1;5,605474710E-1;1,612815633E-2;1,493906021E0;1,595690692E0
1,232288754E1;3,926441967E-1;2,484665662E-1;1,482525945E0;1,553637112E0
1,233295454E1;1,045032144E-1;3,549495935E-1;1,191406250E0;1,247541177E0
1,234302154E1;-6,315069646E-2;4,241921902E-1;9,111609459E-1;1,007045825E0
1,235308854E1;-8,399073035E-2;3,524138629E-1;6,635854840E-1;7,560394621E-1
1,236315554E1;-2,516957372E-2;1,533303708E-1;4,042448103E-1;4,330791807E-1
1,237322254E1;9,190698713E-2;2,423948608E-3;1,898523420E-1;2,109423655E-1
1,238328854E1;2,206996977E-1;-4,379238188E-2;8,409012109E-2;2,402025765E-1
1,239335554E1;2,303158343E-1;1,005908921E-1;1,396977305E-1;2,875402007E-1
1,240342254E1;1,325485259E-1;2,902015746E-1;3,278170228E-1;4,574385926E-1
1,241348954E1;1,355317980E-1;3,261076510E-1;5,598420501E-1;6,619200778E-1
1,242355654E1;1,504542977E-1;2,576625347E-1;7,336316705E-1;7,919860513E-1
1,243362354E1;1,144446284E-1;9,518254548E-2;7,928103209E-1;8,066631855E-1
1,244369054E1;2,925932035E-2;-9,940568358E-2;7,612475753E-1;7,682678365E-1
1,245375654E1;-7,620185614E-2;-2,474097908E-1;6,492568851E-1;6,989655429E-1
1,246382354E1;-2,178978547E-2;-1,261373609E-1;3,505416214E-1;3,731820694E-1
1,247389054E1;9,892278910E-2;3,917942196E-2;8,475094289E-2;1,360274517E-1
1,248395754E1;1,386713386E-1;6,510572881E-2;-2,734283172E-2;1,556153158E-1
1,249402454E1;9,326843172E-2;-1,841080724E-3;-2,699102834E-2;9,711284954E-2
1,250409154E1;3,013146482E-2;-1,562343165E-2;5,274514481E-2;6,272198251E-2
1,251415854E1;1,198894624E-2;-1,337093022E-2;1,370147467E-1;1,381866760E-1
1,252422454E1;-3,835820593E-3;-5,267942324E-2;1,753278822E-1;1,831111723E-1
1,253429154E1;-2,061213739E-2;-4,162304476E-2;1,666976511E-1;1,730475223E-1
1,254435854E1;-3,404299915E-2;1,842531934E-2;1,595729589E-1;1,642009361E-1
1,255442554E1;-3,976346925E-2;1,029220968E-1;1,784089655E-1;2,097709476E-1
1,256449254E1;-4,049658775E-2;1,463795751E-1;2,318532616E-1;2,771694221E-1
1,257455954E1;-4,841683060E-2;1,548774689E-1;2,647933960E-1;3,105587906E-1
1,258462654E1;-5,221438780E-2;1,656516790E-1;2,634139359E-1;3,155213506E-1
1,259469254E1;-4,489229247E-2;1,150739938E-1;2,477065772E-1;2,767957557E-1
1,260475954E1;-6,587780546E-3;3,653550521E-2;2,332924902E-1;2,362279154E-1
1,261482654E1;4,819397628E-2;2,032511123E-2;2,255253792E-1;2,315112657E-1
1,262489354E1;7,617295533E-2;1,739982702E-2;2,168102860E-1;2,304599168E-1
1,263496054E1;8,627991378E-2;1,765762083E-2;1,802264452E-1;2,005930872E-1
1,264502754E1;8,146963269E-2;1,581634954E-2;1,237853393E-1;1,490310981E-1
1,265509454E1;7,380212843E-2;-1,422490459E-2;5,105361342E-2;9,086018664E-2
1,266516154E1;7,754307240E-2;-8,253365010E-2;-3,625785559E-2;1,189090559E-1
1,267522754E1;7,282847911E-2;-1,846512258E-1;-1,246846616E-1;2,344063297E-1
1,268529454E1;6,398613751E-2;-2,719679475E-1;-2,209738046E-1;3,562165248E-1
1,269536154E1;3,177253902E-2;-2,923997045E-1;-3,092988729E-1;4,268171438E-1
1,270542854E1;-2,541752066E-3;-2,527465224E-1;-3,929021955E-1;4,671824058E-1
1,271549554E1;-3,482858464E-2;-1,719573885E-1;-4,611119032E-1;4,933625047E-1
1,272556254E1;-6,255753338E-2;-7,078485936E-2;-5,627973676E-1;5,706704988E-1
1,273562954E1;-5,683812872E-2;1,487208065E-3;-6,794118881E-1;6,817868423E-1
1,274569554E1;-6,352616847E-2;1,329351030E-2;-7,089204788E-1;7,118851992E-1
1,275576254E1;-7,578097284E-2;9,378396906E-3;-7,170561552E-1;7,211104214E-1
1,276582954E1;-7,727004588E-2;-1,170217153E-2;-7,413666248E-1;7,454743947E-1
1,277589654E1;-5,803217366E-2;-7,638422400E-2;-7,667881250E-1;7,727653664E-1
1,278596354E1;-3,062730469E-2;-9,687457234E-2;-7,879846692E-1;7,945077429E-1
1,279603088E1;-1,279531047E-2;-3,150435537E-2;-7,963171601E-1;7,970428244E-1
1,280609787E1;-1,160867512E-3;6,789562851E-2;-7,961485386E-1;7,990392102E-1
1,281616388E1;-2,454688400E-2;1,624088287E-1;-7,966753244E-1;8,134314659E-1
1,282623087E1;-8,206398040E-2;2,838909924E-1;-8,517346382E-1;9,015433913E-1
1,283629787E1;-1,288927346E-1;3,931671679E-1;-9,016585350E-1;9,920594099E-1
1,284636488E1;-1,572846174E-1;4,528721869E-1;-8,951243162E-1;1,015420706E0
1,285643187E1;-1,831806600E-1;4,795357585E-1;-8,769525290E-1;1,016147350E0
1,286649887E1;-1,736729890E-1;4,334735870E-1;-8,751815557E-1;9,919699659E-1
1,287656588E1;-1,377488077E-1;3,768249750E-1;-8,933864236E-1;9,793421760E-1
1,288663187E1;-8,064211160E-2;3,789323270E-1;-9,519871473E-1;1,027799780E0
1,289669888E1;-1,887195371E-2;3,819060028E-1;-1,041645288E0;1,109609505E0
1,290676587E1;2,210526541E-2;3,300319016E-1;-1,128029466E0;1,175525489E0
1,291683287E1;5,084156990E-2;2,027277499E-1;-1,201068997E0;1,219118592E0
1,292689988E1;1,303704530E-1;2,942396514E-2;-1,268222570E0;1,275245354E0
1,293696688E1;2,359373569E-1;-6,929621845E-2;-1,336109519E0;1,358549612E0
1,294703387E1;3,157419264E-1;-1,252412945E-1;-1,472782850E0;1,511445556E0
1,295709987E1;3,402597606E-1;-1,755518764E-1;-1,673096418E0;1,716346932E0
1,296716687E1;3,240517378E-1;-1,663615108E-1;-1,725722432E0;1,763747032E0
1,297723388E1;2,641098201E-1;-6,027395651E-2;-1,708420396E0;1,729765070E0
1,298730088E1;1,959195584E-1;7,681761682E-2;-1,682040453E0;1,695153534E0
1,299736787E1;1,229670495E-1;1,470148265E-1;-1,670796633E0;1,681753740E0
1,300743488E1;4,946479574E-2;2,066814005E-1;-1,686265469E0;1,699604424E0
1,301750188E1;-4,135911539E-2;2,494216859E-1;-1,728183508E0;1,746579512E0
1,302756887E1;-1,303965151E-1;3,081301451E-1;-1,780544519E0;1,811708095E0
1,303763487E1;-2,087025046E-1;3,428132832E-1;-1,832851410E0;1,876278757E0
1,304770187E1;-2,553412020E-1;3,231396377E-1;-1,887540102E0;1,931948755E0
1,305776888E1;-2,494132966E-1;2,697794735E-1;-1,933018088E0;1,967624681E0
1,306783588E1;-1,877740771E-1;2,260138243E-1;-1,938827515E0;1,960967487E0
1,307790287E1;-8,434861898E-2;1,586459726E-1;-1,890321493E0;1,898841379E0
1,308796988E1;1,438236795E-2;7,793977857E-2;-1,803120375E0;1,804861365E0
1,309803688E1;1,139459759E-1;6,916226447E-2;-1,734256387E0;1,739371243E0
1,310810288E1;1,989233345E-1;1,151461005E-1;-1,689481020E0;1,705044056E0
1,311816988E1;2,772503793E-1;1,536426246E-1;-1,683826089E0;1,713401333E0
1,312823687E1;3,004362881E-1;1,989268214E-1;-1,719253182E0;1,756606202E0
1,313830388E1;2,369718403E-1;2,714058161E-1;-1,764323711E0;1,800737329E0
1,314837088E1;1,224511638E-1;2,665764391E-1;-1,753764987E0;1,778130736E0
1,315843787E1;-1,854084618E-2;1,423732489E-1;-1,663910985E0;1,670093911E0
1,316850487E1;-1,513793319E-1;-1,573571563E-2;-1,538560629E0;1,546069896E0
1,317857087E1;-2,537914217E-1;-1,215524226E-1;-1,388376236E0;1,416606385E0
1,318863788E1;-3,012053370E-1;-1,624808908E-1;-1,241446614E0;1,287755563E0
1,319870488E1;-3,186996281E-1;-1,118904129E-1;-1,154496551E0;1,202892848E0
1,320877187E1;-2,880489230E-1;-2,854162827E-2;-1,117716551E0;1,154589578E0
1,321883887E1;-2,235948145E-1;4,124917090E-2;-1,098205924E0;1,121495603E0
1,322890588E1;-1,251732856E-1;1,434784681E-1;-1,111621976E0;1,127811083E0
1,323897287E1;7,590356283E-3;2,125781775E-1;-1,146970391E0;1,166528257E0
1,324903987E1;1,466302276E-1;2,374678403E-1;-1,182693839E0;1,215177401E0
1,325910587E1;2,554238141E-1;2,372832894E-1;-1,212780595E0;1,261895976E0
1,326917288E1;3,019438386E-1;2,405888438E-1;-1,275307298E0;1,332464550E0
1,327923988E1;2,808734477E-1;2,645820379E-1;-1,372250319E0;1,425469917E0
1,328930687E1;2,222194225E-1;2,823571265E-1;-1,481479764E0;1,524430815E0
1,329937387E1;1,457057446E-1;3,425403237E-1;-1,624644160E0;1,666743137E0
1,330944088E1;1,006089821E-1;4,055936933E-1;-1,782995582E0;1,831311458E0
1,331950787E1;1,028633490E-1;3,727537394E-1;-1,880624890E0;1,919967759E0
1,332957388E1;1,465545148E-1;2,438539118E-1;-1,905035377E0;1,926162699E0
1,333964087E1;2,141375542E-1;4,596506059E-2;-1,887579322E0;1,900242978E0
1,334970787E1;3,009370863E-1;-1,343029439E-1;-1,827315927E0;1,856793986E0
1,335977488E1;3,950417340E-1;-3,055649698E-1;-1,758843660E0;1,828376040E0
1,336984187E1;4,507065713E-1;-5,086749792E-1;-1,730590105E0;1,859254894E0
1,337990887E1;4,578712881E-1;-7,444062829E-1;-1,778777599E0;1,981877034E0
1,338997588E1;4,315667450E-1;-9,429104924E-1;-1,972341299E0;2,228331271E0
1,340004187E1;3,935874104E-1;-9,700763226E-1;-2,276018381E0;2,505238271E0
1,341010888E1;3,886279464E-1;-8,840761185E-1;-2,575353622E0;2,750466968E0
1,342017587E1;4,307836294E-1;-8,183178306E-1;-2,772245884E0;2,922424652E0
1,343024287E1;5,117827058E-1;-7,659971714E-1;-2,828747272E0;2,974976359E0
1,344030988E1;6,265398860E-1;-7,981202602E-1;-2,759342194E0;2,939985973E0
1,345037688E1;7,420590520E-1;-7,883315682E-1;-2,620373011E0;2,835220100E0
1,346044387E1;8,245875239E-1;-7,438437343E-1;-2,452659845E0;2,692357406E0
1,347050987E1;8,195673823E-1;-7,418769002E-1;-2,286325216E0;2,539558037E0
1,348057687E1;7,018671036E-1;-7,704885602E-1;-2,120250463E0;2,362568958E0
1,349064388E1;5,163664222E-1;-7,341499329E-1;-2,013459444E0;2,204456699E0
1,350071087E1;3,592846990E-1;-6,383326054E-1;-1,965933204E0;2,097962672E0
1,351077787E1;2,536034286E-1;-5,640002489E-1;-1,900054455E0;1,998153625E0
1,352084488E1;1,902031600E-1;-4,496651292E-1;-1,777397752E0;1,843235942E0
1,353091188E1;1,494532079E-1;-3,237390816E-1;-1,635043979E0;1,673473055E0
1,354097887E1;1,076525003E-1;-2,472863793E-1;-1,515696049E0;1,539504507E0
1,355104487E1;3,361114487E-2;-2,354383767E-1;-1,431292415E0;1,450916577E0
1,356111187E1;-7,126946002E-2;-3,237969875E-1;-1,339112639E0;1,379545754E0
1,357117888E1;-2,028519511E-1;-4,191120863E-1;-1,264637828E0;1,347632253E0
1,358124588E1;-3,140000403E-1;-4,611884356E-1;-1,314311862E0;1,427832787E0
1,359131287E1;-3,590251505E-1;-3,813595474E-1;-1,434688807E0;1,527306824E0
1,360137988E1;-3,465173542E-1;-1,859828681E-1;-1,512035012E0;1,562342402E0
1,361144688E1;-2,579898834E-1;-2,111163549E-2;-1,454105139E0;1,476965211E0
1,362151288E1;-1,567133367E-1;3,312204033E-2;-1,287226439E0;1,297153824E0
1,363157988E1;-1,059086695E-1;2,330659702E-2;-1,088265300E0;1,093654976E0
1,364164687E1;-1,246376187E-1;-2,465613559E-2;-9,122732878E-1;9,210781794E-1
1,365171388E1;-2,024635226E-1;-8,135742694E-2;-7,936860323E-1;8,231330553E-1
1,366178088E1;-3,065600693E-1;-1,461718529E-1;-7,614127994E-1;8,337234180E-1
1,367184787E1;-4,109966159E-1;-2,076070458E-1;-8,091206551E-1;9,309646278E-1
1,368191487E1;-4,874559939E-1;-1,984292567E-1;-8,719750047E-1;1,018492967E0
1,369198087E1;-5,053367615E-1;-1,553773433E-1;-9,118089080E-1;1,053993760E0
1,370204788E1;-4,848780930E-1;-1,134751588E-1;-9,225454926E-1;1,048367094E0
1,371211488E1;-4,514440894E-1;-9,010197595E-3;-9,509765506E-1;1,052729476E0
1,372218187E1;-3,583263755E-1;2,149858922E-1;-9,534236789E-1;1,040977155E0
1,373224888E1;-1,758685708E-1;5,050849915E-1;-9,018418193E-1;1,048503348E0
1,374231588E1;5,314090848E-2;7,294285893E-1;-8,734703660E-1;1,139228030E0
1,375238287E1;2,953311205E-1;7,861928344E-1;-8,669316173E-1;1,207017014E0
1,376244888E1;4,712379575E-1;7,378945947E-1;-8,997385502E-1;1,255421485E0
1,377251587E1;5,681375861E-1;7,225769758E-1;-9,437659383E-1;1,317418669E0
1,378258288E1;5,796421766E-1;7,102203965E-1;-9,916737676E-1;1,350486922E0
1,379265042E1;5,036110282E-1;6,205383539E-1;-1,035985470E0;1,308418056E0
1,380271742E1;3,552921712E-1;4,280344546E-1;-1,064156651E0;1,200781162E0
1,381278442E1;8,411031216E-2;1,614732593E-1;-1,047176123E0;1,062885690E0
1,382285142E1;-2,718211710E-1;-1,749782823E-2;-9,575343728E-1;9,955224749E-1
1,383291742E1;-6,306587458E-1;-1,152323037E-1;-7,656990290E-1;9,986510604E-1
1,384298442E1;-9,053105712E-1;-1,863698661E-1;-5,338596702E-1;1,067392667E0
1,385305142E1;-1,039188743E0;-2,570348084E-1;-2,700579464E-1;1,104043219E0
1,386311842E1;-1,045522809E0;-2,902539968E-1;1,531520113E-2;1,085172743E0
1,387318542E1;-9,377222061E-1;-2,400001138E-1;2,561758161E-1;1,001273708E0
1,388325242E1;-7,740816474E-1;-1,793008149E-1;3,733479679E-1;8,779179256E-1
1,389331942E1;-5,759333968E-1;-1,327978075E-1;3,675793707E-1;6,960237992E-1
1,390338542E1;-3,428647220E-1;-1,171482876E-1;2,829843462E-1;4,597391424E-1
1,391345242E1;-1,137024388E-1;-8,637879044E-2;1,066962034E-1;1,782515633E-1
1,392351942E1;8,199328929E-2;-3,468731185E-3;-1,431607604E-1;1,650149536E-1
1,393358642E1;2,440139204E-1;1,313665211E-1;-3,991843462E-1;4,859507161E-1
1,394365342E1;3,575796485E-1;2,434653640E-1;-5,715295076E-1;7,167876719E-1
1,395372042E1;4,027023017E-1;3,413627148E-1;-6,741136312E-1;8,562282609E-1
1,396378742E1;3,866144121E-1;3,494728506E-1;-7,186586857E-1;8,877343541E-1
1,397385342E1;3,364335001E-1;2,487539947E-1;-7,165977359E-1;8,298062213E-1
1,398392042E1;2,765033245E-1;1,266150326E-1;-6,854755282E-1;7,499080975E-1
1,399398742E1;2,131503820E-1;-1,155744269E-1;-6,719191074E-1;7,143289302E-1
1,400405442E1;1,632829607E-1;-3,550312221E-1;-6,816290021E-1;7,857013366E-1
1,401412142E1;1,072694734E-1;-5,241938233E-1;-6,811596155E-1;8,661779991E-1
1,402418842E1;1,670947485E-2;-5,320200324E-1;-6,460559964E-1;8,370859406E-1
1,403425542E1;-6,573183089E-2;-3,634973168E-1;-5,818408728E-1;6,891950190E-1
1,404432242E1;-1,072161570E-1;-1,372199804E-1;-5,230808854E-1;5,513059405E-1
1,405438842E1;-8,539136499E-2;4,130103812E-2;-4,829582870E-1;4,921850952E-1
1,406445542E1;-3,770540701E-3;9,705272317E-2;-4,517447054E-1;4,620678813E-1
1,407452242E1;7,455926389E-2;3,262619674E-2;-4,424307644E-1;4,498539028E-1
1,408458942E1;1,101084724E-1;-4,484915733E-2;-4,443860650E-1;4,600155404E-1
1,409465642E1;9,671395272E-2;-9,272194654E-2;-4,813272953E-1;4,996267739E-1
1,410472342E1;2,669465542E-2;-1,115270630E-1;-5,255283713E-1;5,378949335E-1
1,411479042E1;-8,007961512E-2;-6,234928221E-2;-5,542063117E-1;5,634224114E-1
1,412485642E1;-2,092381418E-1;9,991223924E-3;-5,448165536E-1;5,836998386E-1
1,413492342E1;-2,781480253E-1;2,237694152E-2;-4,402644038E-1;5,212483062E-1
1,414499042E1;-2,505363822E-1;-3,833673894E-2;-2,514699996E-1;3,570368959E-1
1,415505742E1;-1,667595655E-1;-1,266920865E-1;-8,057067543E-2;2,243908893E-1
1,416512442E1;-6,002034619E-2;-2,067666799E-1;-1,620926149E-2;2,159111901E-1
1,417519142E1;5,514302850E-2;-2,741612494E-1;-5,267926678E-2;2,845702891E-1
1,418525842E1;1,626348794E-1;-3,150935173E-1;-1,344169974E-1;3,792122860E-1
1,419532442E1;2,343999296E-1;-3,333658278E-1;-2,270385474E-1;4,665003796E-1
1,420539142E1;2,561313510E-1;-3,396972418E-1;-3,294477165E-1;5,380829703E-1
1,421545842E1;2,455503196E-1;-3,051056862E-1;-4,356478453E-1;5,858101094E-1
1,422552542E1;2,188385576E-1;-2,327965796E-1;-4,993945956E-1;5,928570856E-1
1,423559242E1;1,645409614E-1;-1,133520082E-1;-4,761259854E-1;5,163510043E-1
1,424565942E1;9,469503164E-2;-1,066664234E-2;-3,492095768E-1;3,619782519E-1
1,425572642E1;4,329660907E-2;1,004716381E-3;-1,396306902E-1;1,461928024E-1
1,426579342E1;9,283788968E-4;-3,626382723E-2;7,147330046E-2;8,015210372E-2
1,427585942E1;-5,107825249E-2;-1,065676808E-1;2,124621719E-1;2,431169121E-1
1,428592642E1;-1,208208427E-1;-2,150781751E-1;2,338148654E-1;3,398907011E-1
1,429599342E1;-1,779033095E-1;-3,442239165E-1;1,632323116E-1;4,204574649E-1
1,430606042E1;-1,864693761E-1;-4,367791414E-1;5,997275934E-2;4,786894384E-1
1,431612742E1;-1,380895823E-1;-4,722170234E-1;-1,799261197E-2;4,923224391E-1
1,432619442E1;-3,067311086E-2;-4,568633735E-1;-3,404774517E-2;4,591559983E-1
1,433626142E1;8,906614780E-2;-4,177855849E-1;-2,017692849E-2;4,276501866E-1
1,434632742E1;1,620540619E-1;-3,876577914E-1;-2,377486229E-2;4,208388365E-1
1,435639442E1;1,716896892E-1;-3,657818139E-1;-5,722943693E-2;4,081040225E-1
1,436646142E1;1,301294565E-1;-2,913339436E-1;-1,027726829E-1;3,352183863E-1
1,437652842E1;6,208417937E-2;-1,790015996E-1;-1,402112991E-1;2,357015621E-1
1,438659542E1;-2,180006914E-2;-1,583336145E-1;-1,622955650E-1;2,277819723E-1
1,439666242E1;-1,147840694E-1;-2,279457152E-1;-1,928257793E-1;3,198693684E-1
1,440672942E1;-2,125409991E-1;-2,521439791E-1;-2,298405170E-1;4,019663241E-1
1,441679542E1;-2,974934578E-1;-1,852557063E-1;-2,799316049E-1;4,485351018E-1
1,442686242E1;-3,246358633E-1;-1,132619381E-1;-3,264663517E-1;4,741276085E-1
1,443692942E1;-2,712449729E-1;-1,060017571E-1;-3,400212526E-1;4,476881282E-1
1,444699642E1;-1,629954726E-1;-1,082763672E-1;-3,149108291E-1;3,707561544E-1
1,445706342E1;-3,612090647E-2;-1,266153604E-1;-2,755506039E-1;3,053920507E-1
1,446713042E1;7,365752012E-2;-1,923451126E-1;-2,133111954E-1;2,965193732E-1
1,447719742E1;1,144844219E-1;-2,336056232E-1;-1,636062711E-1;3,073195113E-1
1,448726342E1;8,260478079E-2;-2,403479517E-1;-1,414519697E-1;2,908596696E-1
1,449733042E1;7,246801630E-3;-2,734517157E-1;-1,421811879E-1;3,082918214E-1
1,450739742E1;-8,363969624E-2;-2,576423883E-1;-1,649874449E-1;3,171688131E-1
1,451746442E1;-1,577726305E-1;-1,774406433E-1;-2,062295675E-1;3,144964536E-1
1,452753142E1;-1,869800538E-1;-1,151519790E-1;-2,500271201E-1;3,327688080E-1
1,453759842E1;-1,894205809E-1;-6,560999155E-2;-2,758318186E-1;3,409809666E-1
1,454766542E1;-1,930230409E-1;-6,574103143E-3;-2,733188570E-1;3,346704509E-1
1,455773142E1;-1,911367178E-1;3,313469514E-2;-2,390050888E-1;3,078223276E-1
1,456779842E1;-1,582642496E-1;2,096005157E-2;-1,838560849E-1;2,434952903E-1
1,457786542E1;-1,048165411E-1;-1,637843251E-2;-1,272828281E-1;1,656975518E-1
1,458793242E1;-6,641775370E-2;-3,039544821E-2;-8,309725672E-2;1,106361394E-1
1,459799942E1;-3,243289143E-2;-5,568482727E-2;-2,354818024E-2;6,860910455E-2
1,460806642E1;-2,618484758E-2;-1,439835280E-1;4,500291869E-2;1,531083449E-1
1,461813342E1;-9,838778526E-2;-1,785792261E-1;9,862045199E-2;2,264877256E-1
1,462819942E1;-2,358415276E-1;-1,119722351E-1;1,218341663E-1;2,881016690E-1
1,463826642E1;-3,673888743E-1;-1,108164787E-1;1,128811017E-1;3,999962750E-1
1,464833342E1;-4,821338356E-1;-1,645984799E-1;6,979648024E-2;5,142151725E-1
1,465840042E1;-5,505036116E-1;-1,525737196E-1;-1,838355139E-2;5,715513286E-1
1,466846742E1;-5,147802234E-1;-1,531673372E-1;-1,193732768E-1;5,501898679E-1
1,467853442E1;-3,703116775E-1;-2,579151094E-1;-1,738609225E-1;4,836099280E-1
1,468860142E1;-1,933414191E-1;-3,353646398E-1;-1,824775785E-1;4,279584239E-1
1,469866742E1;-6,097863615E-2;-2,793090641E-1;-1,739086509E-1;3,346284002E-1
1,470873442E1;-1,885834523E-2;-1,785587519E-1;-1,709293723E-1;2,479026329E-1
1,471880142E1;-5,812946334E-2;1,025857171E-3;-1,937947422E-1;2,023276773E-1
1,472886842E1;-1,128134802E-1;1,110583544E-1;-2,133247703E-1;2,656469406E-1
1,473893542E1;-1,835087687E-1;3,656924143E-2;-2,572183907E-1;3,180787294E-1
1,474900242E1;-3,095146418E-1;-6,988502294E-2;-3,088451028E-1;4,427962595E-1
1,475906942E1;-4,852372706E-1;-1,149496138E-1;-3,681350648E-1;6,198322745E-1
1,476913642E1;-6,372611523E-1;-2,133680731E-1;-3,783237636E-1;7,712046297E-1
1,477920242E1;-7,546610236E-1;-3,293332458E-1;-3,276460171E-1;8,861859623E-1
1,478926942E1;-8,513361812E-1;-4,468463063E-1;-2,255340219E-1;9,875781032E-1
1,479933600E1;-8,978417516E-1;-6,363082528E-1;-1,000042930E-1;1,104992698E0
1,480940300E1;-9,071002603E-1;-6,980602741E-1;1,757320389E-2;1,144739204E0
1,481947000E1;-8,775645494E-1;-6,236009002E-1;1,243080944E-1;1,083720501E0
1,482953700E1;-8,144079447E-1;-5,752648115E-1;2,261742651E-1;1,022421000E0
1,483960400E1;-7,553043365E-1;-5,953102708E-1;2,996262908E-1;1,007300786E0
1,484967000E1;-7,430029511E-1;-5,900044441E-1;3,280701637E-1;1,003886777E0
1,485973700E1;-7,858464122E-1;-6,689429879E-1;3,223248124E-1;1,081171859E0
1,486980400E1;-8,819279075E-1;-5,852882862E-1;2,982897758E-1;1,099698141E0
1,487987100E1;-1,026257873E0;-2,970912457E-1;2,136806250E-1;1,089553963E0
1,488993800E1;-1,145961881E0;-1,298790872E-1;1,116381511E-1;1,158689038E0
1,490000500E1;-1,172221541E0;-1,598742157E-1;9,072173387E-2;1,186546898E0
1,491007200E1;-1,129118800E0;-3,042420447E-1;1,217076108E-1;1,175706268E0
1,492013800E1;-1,040640950E0;-5,026213527E-1;1,659462899E-1;1,167518729E0
1,493020500E1;-8,923290372E-1;-7,434472442E-1;2,029423863E-1;1,179046448E0
1,494027200E1;-7,601828575E-1;-9,881860614E-1;2,086265981E-1;1,264086518E0
1,495033900E1;-6,741648912E-1;-1,192035794E0;1,936172843E-1;1,383089038E0
1,496040600E1;-6,384264231E-1;-1,295585155E0;1,223499477E-1;1,449516713E0
1,497047300E1;-6,486268640E-1;-1,396499276E0;7,713208906E-4;1,539781683E0
1,498054000E1;-7,181141376E-1;-1,571507573E0;-1,670041829E-1;1,735861274E0
1,499060600E1;-8,289290667E-1;-1,815706491E0;-3,113818467E-1;2,020116857E0
1,500067300E1;-9,506997466E-1;-2,022057533E0;-3,696856797E-1;2,264776849E0
1,501074000E1;-1,071830750E0;-2,154829025E0;-3,474908769E-1;2,431637143E0
1,502080700E1;-1,171458244E0;-2,198468208E0;-3,359356225E-1;2,513648667E0
1,503087400E1;-1,237337708E0;-2,200604200E0;-3,596763909E-1;2,550104029E0
1,504094100E1;-1,250442863E0;-2,124345779E0;-3,867476583E-1;2,495200612E0
1,505100800E1;-1,186280966E0;-2,048316240E0;-3,627770543E-1;2,394675164E0
1,506107400E1;-1,074937582E0;-1,963383079E0;-2,857550979E-1;2,256550441E0
1,507114100E1;-9,870631099E-1;-1,709353805E0;-1,977605522E-1;1,983757356E0
1,508120800E1;-9,792796969E-1;-1,459270597E0;-2,065303773E-1;1,769495464E0
1,509127500E1;-9,845482707E-1;-1,403422832E0;-2,086188346E-1;1,726977928E0
1,510134200E1;-1,010412812E0;-1,405839562E0;-1,883974671E-1;1,741497210E0
1,511140900E1;-1,086511254E0;-1,375270724E0;-1,679625064E-1;1,760706584E0
1,512147600E1;-1,221721888E0;-1,309031725E0;-1,438975632E-1;1,796350449E0
1,513154300E1;-1,399021745E0;-1,157670140E0;-1,575926095E-1;1,822717045E0
1,514160900E1;-1,524356484E0;-1,026650786E0;-1,917228550E-1;1,847818222E0
1,515167600E1;-1,575430870E0;-8,679112196E-1;-2,330338061E-1;1,813713612E0
1,516174300E1;-1,542703986E0;-6,350073218E-1;-2,930940092E-1;1,693834108E0
1,517181000E1;-1,378987312E0;-3,772878945E-1;-3,163998723E-1;1,464261262E0
1,518187700E1;-1,130207539E0;-1,632411778E-1;-3,361608684E-1;1,190386866E0
1,519194400E1;-8,750205636E-1;-5,601219088E-2;-4,180347025E-1;9,713657214E-1
1,520201100E1;-6,214100718E-1;-9,527011216E-2;-5,099956393E-1;8,095198724E-1
1,521207700E1;-4,710405767E-1;-1,736527979E-1;-5,729035139E-1;7,617433658E-1
1,522214400E1;-5,536114573E-1;-3,016045392E-1;-6,262814403E-1;8,886390641E-1
1,523221100E1;-9,087530375E-1;-5,759913325E-1;-6,654309630E-1;1,265067771E0
1,524227800E1;-1,439882517E0;-8,904399872E-1;-5,974238515E-1;1,795288359E0
1,525234500E1;-1,956323862E0;-1,087700605E0;-4,279190302E-1;2,278905517E0
1,526241200E1;-2,279389620E0;-1,191505432E0;-2,733078599E-1;2,586503319E0
1,527247900E1;-2,351882219E0;-1,282768130E0;-1,787597537E-1;2,684920688E0
1,528254500E1;-2,219087362E0;-1,364254951E0;-1,621711850E-1;2,609950150E0
1,529261200E1;-1,991517067E0;-1,423883915E0;-2,308216095E-1;2,459037260E0
1,530267900E1;-1,774868131E0;-1,343827128E0;-3,663197756E-1;2,256151238E0
1,531274600E1;-1,621076107E0;-1,164022565E0;-5,177820325E-1;2,061779452E0
1,532281300E1;-1,503137112E0;-9,546576142E-1;-6,082013249E-1;1,881675102E0
1,533288000E1;-1,402358055E0;-6,556280255E-1;-6,382585764E-1;1,674464163E0
1,534294700E1;-1,366967201E0;-3,906247020E-1;-6,921176910E-1;1,581206465E0
1,535301300E1;-1,410882473E0;-2,077422291E-1;-7,328443527E-1;1,603373641E0
1,536308000E1;-1,459794044E0;-1,231398582E-1;-7,024486661E-1;1,624683417E0
1,537314700E1;-1,531442404E0;-8,546544611E-2;-6,458541155E-1;1,664255905E0
1,538321400E1;-1,604376554E0;-1,444796771E-1;-6,009379029E-1;1,719309416E0
1,539328100E1;-1,608328700E0;-2,399801016E-1;-4,853252769E-1;1,697012752E0
1,540334800E1;-1,551551223E0;-3,185910583E-1;-3,261353076E-1;1,617150487E0
1,541341500E1;-1,503378868E0;-3,469111323E-1;-1,972912997E-1;1,555448235E0
1,542348100E1;-1,478076577E0;-4,078261256E-1;-1,148210317E-1;1,537600854E0
1,543354800E1;-1,511383653E0;-4,941415787E-1;-1,195992753E-1;1,594603534E0
1,544361500E1;-1,598448157E0;-6,216366291E-1;-2,428015172E-1;1,732172390E0
1,545368200E1;-1,703647852E0;-6,876816750E-1;-3,807516694E-1;1,876244633E0
1,546374900E1;-1,799227357E0;-7,130642533E-1;-4,982388914E-1;1,998479848E0
1,547381600E1;-1,848865151E0;-7,376217842E-1;-5,610974431E-1;2,068143754E0
1,548388300E1;-1,827321529E0;-6,889448166E-1;-5,260708332E-1;2,022498320E0
1,549395000E1;-1,727211475E0;-6,498981118E-1;-4,364666045E-1;1,896346522E0
1,550401600E1;-1,571009636E0;-6,751092076E-1;-3,401296735E-1;1,743425339E0
1,551408300E1;-1,395243883E0;-6,867504120E-1;-3,171138465E-1;1,587102017E0
1,552415000E1;-1,187123895E0;-7,566112876E-1;-3,745321631E-1;1,456707975E0
1,553421700E1;-9,765629768E-1;-8,346871734E-1;-4,583823383E-1;1,363998641E0
1,554428400E1;-8,575854897E-1;-8,992567658E-1;-5,459535718E-1;1,357269651E0
1,555435100E1;-9,398603439E-1;-9,087941051E-1;-5,753148794E-1;1,428366690E0
1,556441800E1;-1,232463002E0;-8,295912743E-1;-5,119829178E-1;1,571404863E0
1,557448400E1;-1,550733805E0;-7,558765411E-1;-3,934829235E-1;1,769450053E0
1,558455100E1;-1,732935309E0;-6,699477434E-1;-3,508932889E-1;1,890772558E0
1,559461800E1;-1,733304143E0;-5,304564238E-1;-4,338659346E-1;1,863858074E0
1,560468500E1;-1,580234408E0;-3,224346042E-1;-5,161469579E-1;1,693373125E0
1,561475200E1;-1,394469619E0;-2,191593349E-1;-5,843350887E-1;1,527751232E0
1,562481900E1;-1,269701123E0;-3,190676868E-1;-6,246308088E-1;1,450554645E0
1,563488600E1;-1,240566969E0;-5,070682168E-1;-5,632745028E-1;1,453754706E0
1,564495200E1;-1,305093408E0;-6,477479339E-1;-4,411272407E-1;1,522313841E0
1,565501900E1;-1,378264189E0;-7,085734606E-1;-2,214185894E-1;1,565475875E0
1,566508600E1;-1,468882203E0;-7,874308228E-1;-2,299609408E-2;1,666790643E0
1,567515300E1;-1,577372670E0;-9,584193826E-1;2,617012151E-2;1,845902795E0
1,568522000E1;-1,640262365E0;-1,157927275E0;-4,098264128E-2;2,008217064E0
1,569528700E1;-1,661934733E0;-1,251350403E0;-1,380439550E-1;2,084936695E0
1,570535400E1;-1,643959165E0;-1,247312784E0;-2,410271317E-1;2,077615218E0
1,571542000E1;-1,632681370E0;-1,148319602E0;-3,695496619E-1;2,029988501E0
1,572548700E1;-1,631436229E0;-1,006760478E0;-4,686082900E-1;1,973510719E0
1,573555400E1;-1,613570213E0;-9,173477888E-1;-4,696823359E-1;1,914611526E0
1,574562100E1;-1,595657349E0;-8,835908771E-1;-3,828084767E-1;1,863705326E0
1,575568800E1;-1,578982949E0;-8,696617484E-1;-2,766261101E-1;1,823738116E0
1,576575500E1;-1,521954060E0;-9,339963794E-1;-1,793856472E-1;1,794678970E0
1,577582200E1;-1,459070444E0;-1,074549794E0;-1,207625493E-1;1,816074727E0
1,578588800E1;-1,433408499E0;-1,231160760E0;-1,113878861E-1;1,892834912E0
1,579595512E1;-1,455537319E0;-1,339622736E0;-1,166297868E-1;1,981610575E0
1,580602213E1;-1,539251685E0;-1,361275077E0;-1,094794124E-1;2,057753952E0
1,581608913E1;-1,636071920E0;-1,270283103E0;-3,226718307E-2;2,071567441E0
1,582615612E1;-1,749971509E0;-1,150490761E0;9,621280432E-2;2,096493782E0
1,583622313E1;-1,891891360E0;-1,097395062E0;1,836869866E-1;2,194827955E0
1,584629013E1;-2,038261414E0;-1,013672233E0;2,399874032E-1;2,289024888E0
1,585635712E1;-2,103014231E0;-7,134420872E-1;2,805169523E-1;2,238382949E0
1,586642313E1;-1,992542624E0;-6,575014591E-1;3,157061040E-1;2,121839915E0
1,587649012E1;-1,858788252E0;-6,682689190E-1;3,106216192E-1;1,999540673E0
1,588655713E1;-1,733435869E0;-6,765497327E-1;2,966988683E-1;1,884290230E0
1,589662413E1;-1,592705727E0;-6,361927390E-1;3,541981280E-1;1,751259275E0
1,590669112E1;-1,603560209E0;-5,368999839E-1;4,027318358E-1;1,738349755E0
1,591675812E1;-1,735516667E0;-5,428223014E-1;3,521133959E-1;1,852203552E0
1,592682513E1;-1,848772645E0;-5,928295851E-1;2,455045581E-1;1,956956744E0
1,593689113E1;-1,928709269E0;-6,005375385E-1;6,807731837E-2;2,021187596E0
1,594695813E1;-1,917364597E0;-6,939092875E-1;-9,938954562E-2;2,041488521E0
1,595702512E1;-1,852578163E0;-7,492955327E-1;-2,306452990E-1;2,011637865E0
1,596709213E1;-1,771491170E0;-7,506851554E-1;-3,150548935E-1;1,949607333E0
1,597715913E1;-1,708929896E0;-7,532042265E-1;-3,030432165E-1;1,891981287E0
1,598722612E1;-1,673623085E0;-7,548967600E-1;-2,325150669E-1;1,850661127E0
1,599729312E1;-1,655685544E0;-7,993851304E-1;-1,498531997E-1;1,844659098E0
1,600735912E1;-1,675507665E0;-7,984391451E-1;-1,025087014E-1;1,858854227E0
1,601742613E1;-1,704224467E0;-9,012129307E-1;-1,212690771E-1;1,931650064E0
1,602749313E1;-1,705703020E0;-1,066463828E0;-1,826248318E-1;2,019930622E0
1,603756012E1;-1,668946624E0;-1,163728237E0;-2,101800293E-1;2,045439290E0
1,604762712E1;-1,680164099E0;-1,114406109E0;-2,187780440E-1;2,027983286E0
1,605769413E1;-1,644268394E0;-8,597624302E-1;-1,793158650E-1;1,864125577E0
1,606776112E1;-1,499736190E0;-5,881207585E-1;-1,400224566E-1;1,617003696E0
1,607782713E1;-1,365885377E0;-3,081628978E-1;-1,616310775E-1;1,409514753E0
1,608789412E1;-1,313200116E0;-3,125557005E-1;-2,187636197E-1;1,367495204E0
1,609796112E1;-1,360783696E0;-5,587883592E-1;-3,193749189E-1;1,505316258E0
1,610802813E1;-1,463258266E0;-8,497446179E-1;-4,154507220E-1;1,742351851E0
1,611809512E1;-1,567952991E0;-1,067073464E0;-4,798217416E-1;1,956361741E0
1,612816212E1;-1,649451256E0;-1,090381861E0;-4,898099303E-1;2,037040946E0
1,613822913E1;-1,707510829E0;-9,704360962E-1;-3,770711124E-1;1,999880514E0
1,614829513E1;-1,719482064E0;-8,493166566E-1;-1,422726363E-1;1,923070164E0
1,615836213E1;-1,730794430E0;-7,647532821E-1;3,679192439E-2;1,892577762E0
1,616842912E1;-1,770205617E0;-8,338070512E-1;7,540367544E-2;1,958200153E0
1,617849612E1;-1,840255618E0;-1,003450751E0;4,108454101E-3;2,096060836E0
1,618856313E1;-1,934655786E0;-1,142118335E0;-1,430887133E-1;2,251177843E0
1,619863012E1;-2,041616201E0;-1,152529478E0;-2,771775424E-1;2,360793998E0
1,620869712E1;-2,253630161E0;-9,782567024E-1;-3,275729716E-1;2,478535683E0
1,621876312E1;-2,413576365E0;-8,875294328E-1;-2,287345380E-1;2,581739501E0
1,622883012E1;-2,423994541E0;-9,256346822E-1;1,838560775E-2;2,594780748E0
1,623889713E1;-2,344789028E0;-1,016358137E0;1,524371505E-1;2,560128226E0
1,624896412E1;-2,257612228E0;-1,098459005E0;9,134141356E-2;2,512323310E0
1,625903112E1;-2,228040218E0;-1,109618187E0;-1,535511613E-1;2,493791029E0
1,626909813E1;-2,215856075E0;-1,074962378E0;-3,995569050E-1;2,495036669E0
1,627916513E1;-2,157046080E0;-8,928325176E-1;-5,059187412E-1;2,388713350E0
1,628923113E1;-2,042417765E0;-6,134197712E-1;-5,124992728E-1;2,193264609E0
1,629929812E1;-1,877965093E0;-4,203485548E-1;-4,480723441E-1;1,975908556E0
1,630936512E1;-1,708945155E0;-3,796346784E-1;-2,879092991E-1;1,774121697E0
1,631943213E1;-1,574149013E0;-4,197999537E-1;-8,068631589E-2;1,631161364E0
1,632949913E1;-1,475341797E0;-4,769280553E-1;2,631938457E-2;1,550737404E0
1,633956612E1;-1,389422417E0;-6,638579965E-1;-3,787318245E-2;1,540336479E0
1,634963313E1;-1,321436405E0;-8,302831054E-1;-1,781972796E-1;1,570770027E0
1,635969912E1;-1,300719261E0;-8,034807444E-1;-2,591920197E-1;1,550687720E0
1,636976613E1;-1,333645701E0;-6,881286502E-1;-2,717609406E-1;1,525118325E0
1,637983313E1;-1,380513549E0;-6,814957857E-1;-2,249361873E-1;1,555908240E0
1,638990012E1;-1,439466119E0;-7,836532593E-1;-1,409495026E-1;1,645005137E0
1,639996713E1;-1,449703097E0;-8,526751995E-1;5,071881227E-3;1,681879838E0
1,641003413E1;-1,359598279E0;-9,525525570E-1;8,280017972E-2;1,662143112E0
1,642010112E1;-1,196371555E0;-9,730117321E-1;8,166034520E-2;1,544255530E0
1,643016712E1;-1,057397962E0;-8,788597584E-1;2,369567379E-2;1,375153231E0
1,644023412E1;-9,598035216E-1;-8,039128184E-1;-3,603610024E-2;1,252516355E0
1,645030113E1;-8,913166523E-1;-7,257976532E-1;-5,828695372E-2;1,150923532E0
1,646036813E1;-8,726771474E-1;-6,281219125E-1;-7,830859721E-2;1,078069931E0
1,647043512E1;-8,989871144E-1;-5,973356962E-1;-1,019649282E-1;1,084151563E0
1,648050213E1;-9,478393197E-1;-6,098394990E-1;-1,136679277E-1;1,132794769E0
1,649056913E1;-9,897824526E-1;-7,047078609E-1;-1,056341231E-1;1,219606921E0
1,650063513E1;-1,001895189E0;-9,029828310E-1;-1,125306487E-1;1,353453032E0
1,651070213E1;-1,015907526E0;-1,044841766E0;-1,876258701E-1;1,469341991E0
1,652076912E1;-1,066255331E0;-1,172239900E0;-3,623420000E-1;1,625527157E0
1,653083613E1;-1,124331713E0;-1,269930840E0;-5,323109031E-1;1,777695428E0
1,654090313E1;-9,977143407E-1;-1,301104426E0;-5,477074385E-1;1,728667137E0
1,655097012E1;-8,504539728E-1;-1,358500123E0;-4,424927235E-1;1,662706936E0
1,656103712E1;-7,728379965E-1;-1,336476564E0;-3,384334445E-1;1,580501620E0
1,657110312E1;-7,458308935E-1;-1,287682176E0;-2,796815038E-1;1,514136999E0
1,658117013E1;-7,556661963E-1;-1,199450612E0;-1,825658679E-1;1,429350715E0
1,659123713E1;-7,917905450E-1;-1,031911492E0;-3,641719371E-2;1,301191687E0
1,660130412E1;-8,028396964E-1;-9,349013567E-1;1,210989356E-1;1,238247583E0
1,661137113E1;-7,421591282E-1;-7,405700684E-1;2,300540805E-1;1,073391391E0
1,662143813E1;-5,888375044E-1;-7,071862817E-1;3,097440898E-1;9,709703625E-1
1,663150512E1;-4,362722635E-1;-9,098097086E-1;2,930321991E-1;1,050692659E0
1,664157113E1;-3,865305483E-1;-1,066148758E0;1,876871437E-1;1,149480536E0
1,665163812E1;-4,409816861E-1;-1,175181746E0;8,728525788E-2;1,258227206E0
1,666170513E1;-5,706339478E-1;-1,346626163E0;5,621042848E-2;1,463620421E0
1,667177213E1;-7,821039557E-1;-1,435253024E0;8,493524790E-2;1,636719841E0
1,668183912E1;-1,033633351E0;-1,455459237E0;1,954984963E-1;1,795822697E0
1,669190612E1;-1,242256880E0;-1,375654936E0;2,907847464E-1;1,876215453E0
1,670197313E1;-1,341362476E0;-1,415124774E0;3,104271591E-1;1,974385079E0
1,671203913E1;-1,314523935E0;-1,616795182E0;2,250697613E-1;2,095866464E0
1,672210613E1;-1,208332777E0;-1,722064614E0;5,718275532E-2;2,104482004E0
1,673217312E1;-1,040540457E0;-1,804619431E0;-1,241076291E-1;2,086810590E0
1,674224012E1;-8,342477083E-1;-1,847954631E0;-2,837758660E-1;2,047299269E0
1,675230713E1;-6,370766163E-1;-1,846133471E0;-3,864917457E-1;1,990841851E0
1,676237412E1;-4,721289575E-1;-1,822789192E0;-4,589531720E-1;1,938067131E0
1,677244112E1;-3,843997419E-1;-1,722467303E0;-5,262746215E-1;1,841635618E0
1,678250712E1;-3,708131015E-1;-1,586351752E0;-5,364665389E-1;1,715170716E0
1,679257412E1;-4,442625940E-1;-1,358404994E0;-4,458226264E-1;1,497127648E0
1,680264163E1;-5,669786334E-1;-1,211728692E0;-3,018058240E-1;1,371436455E0
1,681270863E1;-6,862357855E-1;-1,166870117E0;-1,839902699E-1;1,366147080E0
1,682277562E1;-7,882444263E-1;-1,143645406E0;-1,023247093E-1;1,392739902E0
1,683284262E1;-8,705821037E-1;-1,208059788E0;-3,608786315E-2;1,489504610E0
1,684290862E1;-9,601194263E-1;-1,322319269E0;2,294945065E-3;1,634124484E0
1,685297563E1;-1,072172761E0;-1,392008901E0;2,834859677E-2;1,757283942E0
1,686304263E1;-1,196295500E0;-1,414162397E0;6,700970978E-2;1,853501689E0
1,687310962E1;-1,309906960E0;-1,487201571E0;9,516610205E-2;1,984107191E0
1,688317662E1;-1,435692906E0;-1,538715124E0;9,382440150E-2;2,106575746E0
1,689324363E1;-1,566732168E0;-1,445781589E0;9,922059625E-2;2,134192778E0
1,690331062E1;-1,660019755E0;-1,276279092E0;9,448389709E-2;2,096063242E0
1,691337663E1;-1,683765173E0;-9,954389930E-1;8,953750134E-2;1,958055390E0
1,692344362E1;-1,622896671E0;-7,669696212E-1;1,026684791E-1;1,797936824E0
1,693351063E1;-1,480450749E0;-7,313983440E-1;1,244226247E-1;1,655946542E0
1,694357763E1;-1,309108019E0;-7,901806831E-1;9,251636267E-2;1,531897057E0
1,695364462E1;-1,163490415E0;-9,636169076E-1;-2,130894735E-2;1,510867817E0
1,696371162E1;-1,042520285E0;-1,139681935E0;-1,236169413E-1;1,549517540E0
1,697377863E1;-9,179006219E-1;-1,221310854E0;-1,305076778E-1;1,533353843E0
1,698384463E1;-8,174594641E-1;-1,182666540E0;-8,112867177E-2;1,439972910E0
1,699391163E1;-7,539728880E-1;-1,169986844E0;-2,114075050E-2;1,392045711E0
1,700397862E1;-7,629642487E-1;-1,174474359E0;2,926063724E-2;1,400842835E0
1,701404562E1;-8,525096178E-1;-1,182711363E0;4,021808505E-3;1,457942040E0
1,702411263E1;-9,993254542E-1;-1,260977864E0;-1,058658063E-1;1,612428016E0
1,703417962E1;-1,172475696E0;-1,379935741E0;-2,569285631E-1;1,828916125E0
1,704424662E1;-1,344082594E0;-1,546513796E0;-3,949135840E-1;2,086676707E0
1,705431262E1;-1,486357689E0;-1,769653916E0;-4,281028211E-1;2,350362991E0
1,706437962E1;-1,622725487E0;-1,897224665E0;-3,773775995E-1;2,524898669E0
1,707444663E1;-1,715568066E0;-1,914273620E0;-3,228882849E-1;2,590728493E0
1,708451362E1;-1,735679269E0;-1,943347096E0;-3,151065409E-1;2,624589986E0
1,709458062E1;-1,666520119E0;-1,948661327E0;-3,400700092E-1;2,586545551E0
1,710464763E1;-1,553925157E0;-1,900418997E0;-3,888287842E-1;2,485450378E0
1,711471362E1;-1,436232567E0;-1,784153700E0;-4,572078288E-1;2,335595729E0
1,712478063E1;-1,345275521E0;-1,611041903E0;-5,320628881E-1;2,165251293E0
1,713484762E1;-1,288968801E0;-1,448593140E0;-5,883812308E-1;2,026340329E0
1,714491462E1;-1,248835564E0;-1,305427194E0;-6,229554415E-1;1,910969363E0
1,715498163E1;-1,226457119E0;-1,227047920E0;-6,483060718E-1;1,852064909E0
1,716504863E1;-1,251222610E0;-1,296512723E0;-6,922162771E-1;1,930198600E0
1,717511562E1;-1,285832047E0;-1,435350060E0;-7,102863193E-1;2,053801477E0
1,718518162E1;-1,360646129E0;-1,507465005E0;-7,040523887E-1;2,149301839E0
1,719524862E1;-1,461758614E0;-1,561200023E0;-6,967527866E-1;2,249343949E0
1,720531563E1;-1,586267829E0;-1,574154139E0;-6,742981076E-1;2,334284647E0
1,721538262E1;-1,737909555E0;-1,492403150E0;-6,682831049E-1;2,386252102E0
1,722544962E1;-1,842511058E0;-1,351869702E0;-6,911966801E-1;2,387499014E0
1,723551663E1;-1,895393252E0;-1,243864536E0;-7,283758521E-1;2,381227824E0
1,724558363E1;-1,884730220E0;-1,249359488E0;-8,001568317E-1;2,398615869E0
1,725564963E1;-1,833408117E0;-1,324107409E0;-9,155638218E-1;2,439857140E0
1,726571662E1;-1,781391501E0;-1,370445609E0;-1,008983254E0;2,463640407E0
1,727578362E1;-1,752224684E0;-1,324586272E0;-1,004165292E0;2,415195244E0
1,728585063E1;-1,726630569E0;-1,273509860E0;-9,289869070E-1;2,337968596E0
1,729591763E1;-1,744969964E0;-1,235636950E0;-8,926032186E-1;2,316993602E0
1,730598462E1;-1,803762197E0;-1,241283655E0;-1,000137091E0;2,407201150E0
1,731605062E1;-1,875628829E0;-1,202166200E0;-1,118318439E0;2,492754141E0
1,732611762E1;-1,949290514E0;-1,191313624E0;-1,189492464E0;2,575626910E0
1,733618463E1;-2,042372942E0;-1,272620082E0;-1,237398982E0;2,705920425E0
1,734625163E1;-2,106965780E0;-1,436048388E0;-1,255100846E0;2,841974297E0
1,735631862E1;-2,095761538E0;-1,541715503E0;-1,199162483E0;2,864802572E0
1,736638563E1;-2,009828568E0;-1,574918389E0;-1,076034188E0;2,770853366E0
1,737645263E1;-1,922191024E0;-1,532909155E0;-9,806607962E-1;2,646946242E0
1,738651863E1;-1,866187096E0;-1,429564118E0;-8,866949081E-1;2,512476011E0
1,739658562E1;-1,853168845E0;-1,452575684E0;-8,342940211E-1;2,498050720E0
1,740665262E1;-1,978942275E0;-1,521617889E0;-8,538472056E-1;2,638292740E0
1,741671963E1;-2,169070244E0;-1,576612592E0;-9,752703905E-1;2,853370870E0
1,742678663E1;-2,285549402E0;-1,616268039E0;-1,115808129E0;3,013484067E0
1,743685362E1;-2,267824411E0;-1,599686503E0;-1,136523843E0;2,998951636E0
1,744691962E1;-2,133807898E0;-1,514845848E0;-1,071570396E0;2,827747726E0
1,745698662E1;-1,960744619E0;-1,408899784E0;-9,974897504E-1;2,612375139E0
1,746705363E1;-1,758375883E0;-1,285616398E0;-8,808118701E-1;2,349579711E0
1,747712063E1;-1,504918456E0;-1,228155971E0;-7,352734208E-1;2,076962602E0
1,748718762E1;-1,256196856E0;-1,265932322E0;-6,488839388E-1;1,897805457E0
1,749725463E1;-1,098521471E0;-1,387949347E0;-6,236966848E-1;1,876739291E0
1,750732163E1;-1,058268547E0;-1,520225286E0;-5,939396024E-1;1,945194461E0
1,751738763E1;-1,130635023E0;-1,651116610E0;-6,131583452E-1;2,092960767E0
1,752745463E1;-1,261930943E0;-1,753292561E0;-6,449351907E-1;2,254428066E0
1,753752162E1;-1,417442203E0;-1,802402616E0;-6,224589348E-1;2,375974055E0
1,754758863E1;-1,585232258E0;-1,820714235E0;-5,522420406E-1;2,476475905E0
1,755765563E1;-1,701608896E0;-1,793818593E0;-4,467438161E-1;2,512536172E0
1,756772262E1;-1,743080735E0;-1,717051864E0;-3,668298125E-1;2,474098152E0
1,757778862E1;-1,721366763E0;-1,724825501E0;-3,925748169E-1;2,468246651E0
1,758785562E1;-1,639812231E0;-1,746765614E0;-4,547465742E-1;2,438640750E0
1,759792263E1;-1,514743090E0;-1,779732943E0;-5,059095621E-1;2,391200631E0
1,760798963E1;-1,382086515E0;-1,878135085E0;-5,167403817E-1;2,388425246E0
1,761805662E1;-1,309325099E0;-1,996712804E0;-4,710131288E-1;2,433731210E0
1,762812363E1;-1,358273387E0;-2,090334892E0;-4,840863347E-1;2,539438153E0
1,763819063E1;-1,477371573E0;-2,155980587E0;-5,601090789E-1;2,672938690E0
1,764825663E1;-1,625902534E0;-2,196075439E0;-6,028943658E-1;2,798175834E0
1,765832363E1;-1,800078988E0;-2,198240042E0;-5,972533822E-1;2,903317972E0
1,766839062E1;-1,950264454E0;-2,157184839E0;-5,204627514E-1;2,954295068E0
1,767845763E1;-2,063440084E0;-2,091231823E0;-4,224312305E-1;2,968077436E0
1,768852463E1;-2,108092785E0;-2,026770115E0;-3,677735925E-1;2,947390321E0
1,769859162E1;-2,021613598E0;-1,931039691E0;-2,799843252E-1;2,809666715E0
1,770865862E1;-1,842704654E0;-1,816619635E0;-1,776140183E-1;2,593687352E0
1,771872462E1;-1,604085803E0;-1,797474504E0;-8,134091645E-2;2,410523221E0
1,772879163E1;-1,388605475E0;-1,769207716E0;-4,911107197E-2;2,249607300E0
1,773885863E1;-1,215964675E0;-1,743956923E0;-1,014294773E-1;2,128436934E0
1,774892562E1;-1,079553843E0;-1,644738436E0;-1,424962282E-1;1,972538009E0
1,775899262E1;-9,868180156E-1;-1,494643807E0;-1,169836000E-1;1,794841238E0
1,776905963E1;-9,878584743E-1;-1,372236729E0;-6,887785345E-2;1,692229938E0
1,777912662E1;-1,074266315E0;-1,166856289E0;-3,233150393E-2;1,586394352E0
1,778919263E1;-1,202648163E0;-9,641433954E-1;3,536871448E-2;1,541812582E0
1,779925942E1;-1,308674097E0;-9,436241388E-1;1,250542849E-1;1,618237616E0
1,780932642E1;-1,361255765E0;-1,024384022E0;1,706697047E-1;1,712164720E0
1,781939342E1;-1,324712753E0;-1,149249911E0;1,127598509E-1;1,757371338E0
1,782946042E1;-1,197666168E0;-1,223139286E0;5,043468997E-2;1,712605507E0
1,783952742E1;-1,071995735E0;-1,241167545E0;1,809454709E-2;1,640121686E0
1,784959342E1;-1,035539985E0;-1,184060216E0;4,397643730E-3;1,573010170E0
1,785966042E1;-1,065114975E0;-1,101049900E0;3,649906814E-2;1,532355368E0
1,786972742E1;-1,125945568E0;-9,803981781E-1;1,247881800E-1;1,498167581E0
1,787979442E1;-1,203429341E0;-8,866130710E-1;1,975306123E-1;1,507761009E0
1,788986142E1;-1,249106884E0;-9,379758835E-1;2,525339425E-1;1,582352729E0
1,789992842E1;-1,274481535E0;-1,062574744E0;2,696545422E-1;1,681095429E0
1,790999442E1;-1,284838676E0;-1,230954647E0;2,380918264E-1;1,795201238E0
1,792006142E1;-1,272210121E0;-1,292655826E0;2,388175875E-1;1,829347292E0
1,793012842E1;-1,233919263E0;-1,305326581E0;2,841280997E-1;1,818560697E0
1,794019542E1;-1,205791116E0;-1,315184951E0;3,047779799E-1;1,810119689E0
1,795026242E1;-1,174749494E0;-1,325765252E0;3,003962636E-1;1,796643479E0
1,796032942E1;-1,134636402E0;-1,352146745E0;3,179340661E-1;1,793539142E0
1,797039642E1;-1,111763120E0;-1,339736700E0;3,223674297E-1;1,770545797E0
1,798046242E1;-1,085642457E0;-1,341574430E0;2,931818962E-1;1,750541951E0
1,799052942E1;-1,035395503E0;-1,345352054E0;2,701447308E-1;1,719009648E0
1,800059642E1;-9,514351487E-1;-1,331762314E0;2,664715350E-1;1,658260167E0
1,801066342E1;-8,255072832E-1;-1,264674664E0;2,804776430E-1;1,536076817E0
1,802073042E1;-7,237427831E-1;-1,094813108E0;2,644565105E-1;1,338789231E0
1,803079742E1;-6,691245437E-1;-9,246309996E-1;2,273480147E-1;1,163768560E0
1,804086442E1;-6,568288803E-1;-8,171638846E-1;2,141478211E-1;1,070065550E0
1,805093042E1;-6,993643641E-1;-7,740371823E-1;2,050129175E-1;1,063143626E0
1,806099742E1;-7,879138589E-1;-7,767490149E-1;1,779162735E-1;1,120625487E0
1,807106442E1;-8,696180582E-1;-7,692756653E-1;2,032056451E-1;1,178691287E0
1,808113142E1;-9,254025817E-1;-7,915844917E-1;2,990952134E-1;1,253967261E0
1,809119842E1;-8,938547373E-1;-8,378265500E-1;4,353318810E-1;1,300170553E0
1,810126542E1;-7,726880908E-1;-8,336933851E-1;5,343872309E-1;1,256049863E0
1,811133142E1;-5,970196128E-1;-8,161402345E-1;5,680213571E-1;1,159812727E0
1,812139842E1;-4,621131122E-1;-8,289887309E-1;5,381589532E-1;1,091048076E0
1,813146542E1;-4,391718507E-1;-8,911319971E-1;4,440894723E-1;1,088211197E0
1,814153242E1;-5,189806223E-1;-9,930405617E-1;3,404996395E-1;1,171072350E0
1,815159942E1;-6,719526052E-1;-1,127226114E0;2,550305426E-1;1,336861846E0
1,816166642E1;-8,856939673E-1;-1,180045247E0;2,285803556E-1;1,493053773E0
1,817173342E1;-1,036971331E0;-1,116662025E0;3,119122684E-1;1,555484774E0
1,818179942E1;-1,065198302E0;-1,038867235E0;4,169861674E-1;1,545241088E0
1,819186642E1;-9,892164469E-1;-9,840764403E-1;4,255921543E-1;1,458795497E0
1,820193342E1;-8,594078422E-1;-1,041070700E0;3,650641143E-1;1,398456953E0
1,821200042E1;-7,529173493E-1;-1,062024117E0;2,717051506E-1;1,329888510E0
1,822206742E1;-7,297139764E-1;-1,084468126E0;1,744304597E-1;1,318703754E0
1,823213442E1;-7,615094185E-1;-1,201672316E0;1,504966319E-1;1,430581065E0
1,824220042E1;-7,990890741E-1;-1,297778845E0;2,346428782E-1;1,542021582E0
1,825226742E1;-8,006986976E-1;-1,268812180E0;3,921012282E-1;1,550724387E0
1,826233442E1;-7,642455101E-1;-1,106138706E0;5,298701525E-1;1,445121592E0
1,827240142E1;-7,156406641E-1;-9,248424172E-1;5,654228330E-1;1,298914176E0
1,828246842E1;-6,857914925E-1;-8,276441693E-1;5,039802790E-1;1,187139825E0
1,829253542E1;-7,071505785E-1;-7,740488648E-1;4,120210707E-1;1,126487882E0
1,830260242E1;-7,820951939E-1;-7,132829428E-1;3,456392884E-1;1,113513344E0
1,831266842E1;-8,449695110E-1;-7,171849608E-1;2,922511697E-1;1,146184317E0
1,832273542E1;-8,898664117E-1;-8,503667712E-1;2,184988111E-1;1,250091039E0
1,833280242E1;-9,021814466E-1;-1,019166946E0;1,093488932E-1;1,365499838E0
1,834286942E1;-8,597230911E-1;-1,102235913E0;1,420537103E-2;1,397944775E0
1,835293642E1;-7,540062666E-1;-9,736205339E-1;-1,160971448E-2;1,231502001E0
1,836300342E1;-6,195885539E-1;-7,087444663E-1;5,023318902E-2;9,427258710E-1
1,837306942E1;-5,513339043E-1;-4,972602129E-1;1,781240404E-1;7,635214254E-1
1,838313642E1;-5,995405316E-1;-3,859389126E-1;3,286931515E-1;7,851349446E-1
1,839320342E1;-7,403237224E-1;-3,295685947E-1;4,496906698E-1;9,267774118E-1
1,840327042E1;-9,130707383E-1;-2,737415135E-1;5,485183001E-1;1,099774938E0
1,841333742E1;-1,066021085E0;-2,428483069E-1;6,102064252E-1;1,252089507E0
1,842340442E1;-1,174254417E0;-2,513335645E-1;6,127586365E-1;1,348152493E0
1,843347042E1;-1,244739771E0;-2,141505182E-1;6,005829573E-1;1,398548330E0
1,844353742E1;-1,244406223E0;-1,013367847E-1;5,962764621E-1;1,383604572E0
1,845360442E1;-1,153357029E0;8,123396896E-3;6,185990572E-1;1,308802208E0
1,846367142E1;-1,035007596E0;1,714389026E-2;6,321094036E-1;1,212887849E0
1,847373842E1;-9,323102832E-1;-8,766028285E-2;6,441444755E-1;1,136577712E0
1,848380542E1;-8,766422272E-1;-1,662581265E-1;6,390079260E-1;1,097485530E0
1,849387242E1;-8,451148868E-1;-2,745065689E-1;6,309548020E-1;1,089805942E0
1,850393842E1;-8,401148915E-1;-2,866033912E-1;6,220719218E-1;1,083931737E0
1,851400542E1;-8,508535624E-1;-2,713117898E-1;6,350471377E-1;1,095831529E0
1,852407242E1;-8,696458936E-1;-3,040260673E-1;6,791312695E-1;1,144523967E0
1,853413942E1;-8,639200926E-1;-3,000427783E-1;7,388254404E-1;1,175689851E0
1,854420642E1;-8,045414090E-1;-2,161636353E-1;7,602438927E-1;1,127822846E0
1,855427342E1;-6,977220178E-1;-1,081042737E-1;6,938065886E-1;9,898838975E-1
1,856433942E1;-5,547067523E-1;-2,425439507E-1;6,015438437E-1;8,534530714E-1
1,857440642E1;-4,131940603E-1;-5,622380972E-1;5,516069531E-1;8,894443435E-1
1,858447342E1;-3,210595846E-1;-9,426394701E-1;5,688451529E-1;1,146836185E0
1,859454042E1;-2,822770178E-1;-1,277155042E0;6,547584534E-1;1,462707745E0
1,860460742E1;-2,905158699E-1;-1,575644493E0;7,482459545E-1;1,768311920E0
1,861467442E1;-3,403577507E-1;-1,856674671E0;7,953737974E-1;2,048341698E0
1,862474142E1;-4,006619751E-1;-2,042961597E0;7,944853902E-1;2,228324290E0
1,863480742E1;-7,638005018E-1;-9,744474888E-1;5,531764030E-1;1,356076417E0
1,864487442E1;-9,758802652E-1;-3,558692336E-1;2,930291295E-1;1,079282759E0
1,865494142E1;-1,098788381E0;3,681496978E-1;2,253399417E-2;1,159041797E0
1,866500842E1;-1,027592897E0;7,136343122E-1;-1,893401891E-1;1,265334265E0
1,867507542E1;-8,024433851E-1;8,054111004E-1;-2,615206540E-1;1,166617109E0
1,868514242E1;-4,890677631E-1;8,505797386E-1;-2,502189875E-1;1,012562448E0
1,869520842E1;-1,497709006E-1;9,810155630E-1;-2,219215482E-1;1,016893323E0
1,870527542E1;1,488834321E-1;1,195978403E0;-2,062128931E-1;1,222724161E0
1,871534242E1;3,573213220E-1;1,377125263E0;-1,662236750E-1;1,432404562E0
1,872540942E1;4,418034554E-1;1,364873171E0;-1,148115098E-1;1,439184056E0
1,873547642E1;3,925365806E-1;1,116444111E0;-7,760795206E-2;1,185982889E0
1,874554342E1;2,334387600E-1;6,532118320E-1;-1,024633870E-1;7,011976169E-1
1,875560942E1;-3,670058399E-2;3,554619253E-1;-1,917677075E-1;4,055551341E-1
1,876567642E1;-3,171995878E-1;2,137236595E-1;-2,317025512E-1;4,471906231E-1
1,877574342E1;-5,428014994E-1;2,061225846E-2;-1,130278260E-1;5,548275609E-1
1,878581042E1;-7,208202481E-1;-2,543647885E-1;1,465017051E-1;7,782968748E-1
1,879587742E1;-8,429600000E-1;-4,210501611E-1;4,594689310E-1;1,048320799E0
1,880594354E1;-8,895279765E-1;-5,785806775E-1;8,031324744E-1;1,330803289E0
1,881601054E1;-9,121752381E-1;-7,762109041E-1;1,093957424E0;1,622131277E0
1,882607654E1;-9,612524509E-1;-9,756016731E-1;1,262642026E0;1,862812332E0
1,883614354E1;-1,031089067E0;-1,215709805E0;1,323497415E0;2,071892952E0
1,884621054E1;-1,099488974E0;-1,386644721E0;1,284391642E0;2,186623304E0
1,885627754E1;-1,148278117E0;-1,517851233E0;1,145358920E0;2,221319891E0
1,886634454E1;-1,146951199E0;-1,563048005E0;1,050790429E0;2,205170434E0
1,887641154E1;-1,247732878E0;-1,741113782E0;8,605803847E-1;2,308443877E0
1,888647754E1;-1,468081355E0;-1,914594293E0;5,981355309E-1;2,485699154E0
1,889654454E1;-1,772443414E0;-2,066253662E0;3,519598246E-1;2,744965495E0
1,890661154E1;-2,102036238E0;-2,304882526E0;1,496467143E-1;3,123048822E0
1,891667854E1;-2,443314791E0;-2,589526415E0;1,615044475E-2;3,560294237E0
1,892674554E1;-2,811326265E0;-2,878955126E0;-3,569240868E-2;4,024079017E0
1,893681254E1;-3,216981411E0;-3,227169514E0;1,506983954E-2;4,556733432E0
1,894687954E1;-3,633794785E0;-3,496467352E0;9,802709520E-2;5,043744422E0
1,895694554E1;-4,067353249E0;-3,653675556E0;1,578230560E-1;5,469699776E0
1,896701254E1;-4,448348045E0;-3,614441395E0;2,758629918E-1;5,738300037E0
1,897707954E1;-4,727962017E0;-3,601818085E0;4,160989225E-1;5,958175615E0
1,898714654E1;-4,893325806E0;-3,597292185E0;5,571659803E-1;6,098818118E0
1,899721354E1;-4,939138412E0;-3,511134148E0;6,589840055E-1;6,095687917E0
1,900728054E1;-4,838256836E0;-3,452812433E0;6,350099444E-1;5,977782243E0
1,901734654E1;-4,696831703E0;-3,491735697E0;5,481491089E-1;5,878172647E0
1,902741354E1;-4,284845829E0;-3,273543358E0;5,863025784E-1;5,423996737E0
1,903748054E1;-3,648443222E0;-3,005869389E0;6,184147000E-1;4,767475796E0
1,904754754E1;-3,046622276E0;-2,336462259E0;7,682681680E-1;3,915507523E0
1,905761454E1;-2,528761387E0;-1,544861913E0;8,605278134E-1;3,085731777E0
1,906768154E1;-2,028957844E0;-1,038495302E0;7,364536524E-1;2,395309251E0
1,907774754E1;-1,612063885E0;-5,588037968E-1;4,549801648E-1;1,765791211E0
1,908781454E1;-1,254843831E0;-3,340320289E-1;1,563988924E-1;1,307926240E0
1,909788154E1;-1,072939515E0;-1,340574175E-1;-4,210487008E-2;1,082101388E0
1,910794854E1;-1,111295223E0;-9,577101469E-2;-3,024174571E-1;1,155683987E0
1,911801554E1;-1,335035682E0;-2,084749192E-1;-6,538487077E-1;1,501099662E0
1,912808254E1;-1,687553644E0;-1,465128362E-1;-8,982527256E-1;1,917331811E0
1,913814854E1;-2,012597561E0;5,739767104E-2;-9,474104047E-1;2,225180871E0
1,914821554E1;-2,206685781E0;1,804943681E-1;-8,284856677E-1;2,363985799E0
1,915828254E1;-2,367715359E0;5,161778331E-1;-5,727980137E-1;2,490103038E0
1,916834954E1;-2,511520147E0;8,975426555E-1;-2,946935594E-1;2,683311492E0
1,917841654E1;-2,600089788E0;1,150340557E0;-6,472532451E-2;2,843930321E0
1,918848354E1;-2,638096333E0;1,284788251E0;3,977189586E-2;2,934589394E0
1,919855054E1;-2,599402428E0;1,339909792E0;3,338004276E-2;2,924613728E0
1,920861654E1;-2,432829380E0;1,303299189E0;-8,913455531E-5;2,759936154E0
1,921868354E1;-2,177484512E0;1,213137150E0;-4,725025594E-2;2,493065008E0
1,922875054E1;-1,937262893E0;1,088176608E0;-1,712961793E-1;2,228555188E0
1,923881754E1;-1,790373921E0;9,484951496E-1;-3,553786874E-1;2,057030831E0
1,924888454E1;-1,737030506E0;7,601052523E-1;-5,408476591E-1;1,971687390E0
1,925895154E1;-1,784089088E0;4,923238158E-1;-7,226933837E-1;1,986867470E0
1,926901754E1;-1,953676581E0;6,499170512E-2;-8,214681745E-1;2,120350459E0
1,927908454E1;-2,265095711E0;-4,986729920E-1;-8,332420588E-1;2,464472694E0
1,928915154E1;-2,638396740E0;-1,065163612E0;-7,748363614E-1;2,948912048E0
1,929921854E1;-2,976357937E0;-1,440531969E0;-7,399348617E-1;3,388412980E0
1,930928554E1;-3,194036484E0;-1,678000689E0;-7,343230247E-1;3,681954057E0
1,931935254E1;-3,264922857E0;-1,856122255E0;-7,564765215E-1;3,831079198E0
1,932941854E1;-3,230674505E0;-1,931249022E0;-7,935163379E-1;3,846641226E0
1,933948554E1;-3,108084202E0;-1,863281131E0;-8,721594810E-1;3,727286699E0
1,934955254E1;-2,947699785E0;-1,723950982E0;-9,989945292E-1;3,557939162E0
1,935961954E1;-2,805011988E0;-1,587177396E0;-1,054053187E0;3,390907321E0
1,936968654E1;-2,702523947E0;-1,542926431E0;-9,764202237E-1;3,261541676E0
1,937975354E1;-2,694440365E0;-1,554436088E0;-9,108403921E-1;3,241282254E0
1,938982054E1;-2,768418312E0;-1,523569345E0;-9,119330645E-1;3,288924659E0
1,939988654E1;-2,865692377E0;-1,444032073E0;-9,285154939E-1;3,340593129E0
1,940995354E1;-2,955146313E0;-1,386266470E0;-9,354929328E-1;3,395551720E0
1,942002054E1;-3,032199383E0;-1,412993431E0;-9,538719058E-1;3,478599596E0
1,943008754E1;-3,140443802E0;-1,459936976E0;-1,002696872E0;3,605440925E0
1,944015454E1;-3,337439299E0;-1,388981581E0;-1,063549876E0;3,768144005E0
1,945022154E1;-3,540939569E0;-1,350490093E0;-1,100912929E0;3,946401627E0
1,946028754E1;-3,667648315E0;-1,309145093E0;-1,054457545E0;4,034524229E0
1,947035454E1;-3,658939838E0;-1,342357278E0;-9,711057544E-1;4,016566966E0
1,948042154E1;-3,592031956E0;-1,406752229E0;-9,045819044E-1;3,962311677E0
1,949048854E1;-3,557328701E0;-1,224479914E0;-8,837978840E-1;3,864587591E0
1,950055554E1;-3,544079542E0;-1,038889527E0;-9,149531722E-1;3,804856181E0
1,951062254E1;-3,571009636E0;-9,084984660E-1;-1,040902734E0;3,828963017E0
1,952068854E1;-3,545793533E0;-8,255234361E-1;-1,125051141E0;3,810496135E0
1,953075554E1;-3,456430674E0;-8,591671586E-1;-1,090127587E0;3,724709299E0
1,954082254E1;-3,445823908E0;-7,780174613E-1;-1,060462356E0;3,688305028E0
1,955088954E1;-3,478178501E0;-5,301689506E-1;-1,016498685E0;3,662249907E0
1,956095654E1;-3,470075130E0;-2,624256611E-1;-9,652801752E-1;3,611378470E0
1,957102354E1;-3,421316624E0;-1,112921834E-1;-9,483739734E-1;3,552070746E0
1,958108954E1;-3,377326965E0;2,642174438E-2;-9,817551374E-1;3,517225993E0
1,959115654E1;-3,257832050E0;1,190920323E-1;-9,798394442E-1;3,404076661E0
1,960122354E1;-3,036504030E0;8,766007423E-2;-9,253823757E-1;3,175590269E0
1,961129054E1;-2,744665623E0;-1,798669808E-2;-8,909109831E-1;2,885694939E0
1,962135754E1;-2,445024490E0;-7,904339582E-2;-8,389812112E-1;2,586171319E0
1,963142454E1;-2,217891932E0;-1,296194792E-1;-7,158909440E-1;2,334169161E0
1,964149054E1;-2,096483707E0;-1,608588994E-1;-5,467277765E-1;2,172563183E0
1,965155754E1;-2,069082737E0;-1,524368525E-1;-3,975502253E-1;2,112436164E0
1,966162454E1;-2,059495687E0;-1,754907817E-1;-3,188503385E-1;2,091407430E0
1,967169154E1;-2,044986486E0;-2,299451530E-1;-3,251894414E-1;2,083408908E0
1,968175854E1;-2,064280272E0;-2,700278759E-1;-3,935077786E-1;2,118729918E0
1,969182554E1;-2,096769571E0;-3,215392232E-1;-4,502576590E-1;2,168539155E0
1,970189254E1;-2,103735447E0;-2,921789587E-1;-3,996640146E-1;2,161203993E0
1,971195854E1;-2,058857679E0;-2,464948297E-1;-2,419113517E-1;2,087624427E0
1,972202554E1;-2,029347420E0;-2,012466639E-1;-5,887707323E-2;2,040151386E0
1,973209254E1;-2,006927013E0;-1,333098412E-1;8,346308768E-2;2,013080634E0
1,974215954E1;-1,987413406E0;-9,622637928E-2;1,349568963E-1;1,994313147E0
1,975222654E1;-1,975667834E0;-1,664286256E-1;6,511192769E-2;1,983734217E0
1,976229354E1;-1,978055120E0;-4,552580416E-1;-7,936456054E-2;2,031319934E0
1,977235954E1;-2,002740383E0;-7,290458083E-1;-2,386342734E-1;2,144626576E0
1,978242654E1;-2,011792183E0;-1,047595263E0;-3,152853847E-1;2,290014955E0
1,979249354E1;-2,003484964E0;-1,284307718E0;-2,654100657E-1;2,394543969E0
1,980256067E1;-1,934596419E0;-1,400071859E0;-7,723295689E-2;2,389315686E0
1,981262767E1;-1,778323293E0;-1,436617136E0;1,574730128E-1;2,291527935E0
1,982269467E1;-1,642510772E0;-1,498464465E0;2,604561150E-1;2,238543003E0
1,983276067E1;-1,568349481E0;-1,591299891E0;1,930788010E-1;2,242595563E0
1,984282767E1;-1,520326853E0;-1,171802521E0;-8,208923973E-4;1,919509198E0
1,985289467E1;-1,523186088E0;-3,677227199E-1;-3,100044131E-1;1,597316059E0
1,986296167E1;-1,570293427E0;5,388872325E-2;-4,892282486E-1;1,645621378E0
1,987302867E1;-1,681794643E0;-7,489961386E-2;-4,867682755E-1;1,752423045E0
1,988309567E1;-1,943902612E0;-4,819773734E-1;-3,577740788E-1;2,034468443E0
1,989316167E1;-2,307030678E0;-9,386494160E-1;-1,579786688E-1;2,495678372E0
1,990322867E1;-2,433300734E0;-9,863870740E-1;1,624115855E-1;2,630644302E0
1,991329567E1;-2,313293457E0;-9,734548330E-1;5,057368875E-1;2,560216930E0
1,992336267E1;-2,058187485E0;-1,015342355E0;6,726284027E-1;2,391544436E0
1,993342967E1;-1,777294278E0;-9,375349879E-1;6,296619773E-1;2,105759011E0
1,994349667E1;-1,502036810E0;-9,839768410E-1;4,182013869E-1;1,843696668E0
1,995356267E1;-1,309182048E0;-1,327222466E0;9,682400525E-2;1,866775830E0
1,996362967E1;-1,279023647E0;-1,772864580E0;-2,116062641E-1;2,196298596E0
1,997369667E1;-1,421438456E0;-2,134051085E0;-4,142677784E-1;2,597360026E0
1,998376367E1;-1,716065526E0;-2,457447052E0;-5,373780131E-1;3,045111169E0
1,999383067E1;-2,131238699E0;-2,659481525E0;-6,643104553E-1;3,472222452E0
2,000389767E1;-2,593173742E0;-2,588026762E0;-8,108146787E-1;3,752313023E0
2,001396367E1;-2,990332603E0;-2,403158665E0;-8,973629475E-1;3,939863057E0
2,002403067E1;-3,249406099E0;-2,180918932E0;-8,849520683E-1;4,012254672E0
2,003409767E1;-3,362078428E0;-1,842050672E0;-7,663531899E-1;3,909478130E0
2,004416467E1;-3,328950644E0;-1,533384681E0;-5,524470210E-1;3,706531893E0
2,005423167E1;-3,193037987E0;-1,376716614E0;-3,286279440E-1;3,492683287E0
2,006429867E1;-3,052875042E0;-1,370635390E0;-2,513624728E-1;3,355871048E0
2,007436467E1;-2,946072102E0;-1,339838982E0;-3,042522967E-1;3,250704352E0
2,008443167E1;-2,833421469E0;-1,222735167E0;-3,710300028E-1;3,108218424E0
2,009449867E1;-2,693145990E0;-1,059746385E0;-4,341211617E-1;2,926526765E0
2,010456567E1;-2,549409866E0;-9,451678991E-1;-5,247640014E-1;2,769153351E0
2,011463267E1;-2,465541363E0;-9,368343353E-1;-6,250424981E-1;2,710577597E0
2,012469967E1;-2,534794331E0;-1,046456933E0;-7,910748720E-1;2,854129266E0
2,013476567E1;-2,759794950E0;-1,312106252E0;-9,683955908E-1;3,205601504E0
2,014483267E1;-3,065534830E0;-1,655124784E0;-1,041988730E0;3,636300642E0
2,015489967E1;-3,371178389E0;-1,931614041E0;-9,773544669E-1;4,006394674E0
2,016496667E1;-3,660159349E0;-2,112797022E0;-8,324769139E-1;4,307400090E0
2,017503367E1;-3,907816887E0;-2,245823622E0;-7,018092871E-1;4,561501160E0
2,018510067E1;-4,117683411E0;-2,309018135E0;-7,152822018E-1;4,774778534E0
2,019516667E1;-4,279737949E0;-2,354528666E0;-8,446804881E-1;4,957161212E0
2,020523367E1;-4,407481670E0;-2,306614161E0;-1,060431242E0;5,086342299E0
2,021530067E1;-4,548063278E0;-2,160059452E0;-1,333518624E0;5,208551463E0
2,022536767E1;-4,682486057E0;-2,044509649E0;-1,606948018E0;5,356115880E0
2,023543467E1;-4,758376122E0;-1,925920725E0;-1,840790987E0;5,453423274E0
2,024550167E1;-4,754785061E0;-1,726243258E0;-1,974421501E0;5,430123113E0
2,025556767E1;-4,715016365E0;-1,384004235E0;-1,923705101E0;5,277071950E0
2,026563467E1;-4,701824188E0;-1,003683329E0;-1,673478127E0;5,090683644E0
2,027570167E1;-4,671724319E0;-7,192505598E-1;-1,391358733E0;4,927292219E0
2,028576867E1;-4,575057030E0;-5,535710454E-1;-1,211106062E0;4,764909823E0
2,029583567E1;-4,477856159E0;-4,901840091E-1;-1,199726343E0;4,661632702E0
2,030590267E1;-4,436529636E0;-5,880053639E-1;-1,338908434E0;4,671319013E0
2,031596867E1;-4,487699032E0;-8,010485768E-1;-1,513684630E0;4,803369919E0
2,032603567E1;-4,601194382E0;-1,125920415E0;-1,538495421E0;4,980527550E0
2,033610267E1;-4,665242672E0;-1,424723864E0;-1,380336761E0;5,069482898E0
2,034616967E1;-4,636352539E0;-1,596005797E0;-1,233676672E0;5,056180130E0
2,035623667E1;-4,568387508E0;-1,694819808E0;-1,195955634E0;5,017259061E0
2,036630367E1;-4,518322468E0;-1,728272319E0;-1,260979414E0;4,999223161E0
2,037636967E1;-4,496153831E0;-1,718242288E0;-1,365606546E0;5,003262643E0
2,038643667E1;-4,468376160E0;-1,664772153E0;-1,414372206E0;4,973761209E0
2,039650367E1;-4,427371979E0;-1,572134852E0;-1,365740538E0;4,892696378E0
2,040657067E1;-4,356474400E0;-1,585385442E0;-1,170183063E0;4,781385217E0
2,041663767E1;-4,186331749E0;-1,685613871E0;-7,832197547E-1;4,580404002E0
2,042670467E1;-3,877996683E0;-1,906604648E0;-3,539592028E-1;4,335814419E0
2,043677067E1;-3,585219622E0;-2,001543999E0;-7,163620740E-2;4,106715215E0
2,044683767E1;-3,492276669E0;-1,989921331E0;-4,243054427E-3;4,019427974E0
2,045690467E1;-3,542068958E0;-1,879441738E0;-8,968018740E-2;4,010809929E0
2,046697167E1;-3,636549711E0;-1,700821877E0;-1,958697438E-1;4,019409635E0
2,047703867E1;-3,732443810E0;-1,487824917E0;-2,241992205E-1;4,024304296E0
2,048710567E1;-3,829653978E0;-1,297420979E0;-1,231351867E-1;4,045332256E0
2,049717167E1;-3,862849712E0;-1,404310107E0;1,292738914E-1;4,112226467E0
2,050723867E1;-3,738000870E0;-1,710356355E0;4,300025702E-1;4,133143062E0
2,051730567E1;-3,432550907E0;-2,136451483E0;5,993357301E-1;4,087301553E0
2,052737267E1;-2,995646000E0;-2,550132513E0;5,715165734E-1;3,975387023E0
2,053743967E1;-2,563050032E0;-2,677622080E0;3,870341182E-1;3,726752055E0
2,054750667E1;-2,217272043E0;-2,421197891E0;2,080350667E-1;3,289646354E0
2,055757267E1;-1,981820226E0;-1,929920673E0;1,396069080E-1;2,769782537E0
2,056763967E1;-1,880798817E0;-1,294281840E0;1,465031505E-1;2,287800875E0
2,057770667E1;-1,881758928E0;-8,016406894E-1;2,653744221E-1;2,062539222E0
2,058777367E1;-1,900250554E0;-6,181843281E-1;4,485583603E-1;2,048001131E0
2,059784067E1;-1,814912081E0;-7,059185505E-1;5,461964011E-1;2,022512638E0
2,060790767E1;-1,622093320E0;-8,696084023E-1;5,236431360E-1;1,913532766E0
2,061797367E1;-1,380306721E0;-7,629858851E-1;3,607223034E-1;1,617873507E0
2,062804067E1;-9,420078993E-1;2,460583895E-1;-1,068363786E-1;9,794578220E-1
2,063810767E1;-5,417609811E-1;1,228057742E0;-5,632991195E-1;1,455656785E0
2,064817467E1;-2,720751762E-1;1,578142524E0;-8,953279257E-1;1,834712735E0
2,065824167E1;-1,883333623E-1;1,476165295E0;-9,856537580E-1;1,784950073E0
2,066830867E1;-2,839845121E-1;1,071885467E0;-8,361204267E-1;1,388770328E0
2,067837467E1;-4,481020570E-1;5,760579109E-1;-5,314294696E-1;9,028042154E-1
2,068844167E1;-5,674694180E-1;1,621871889E-1;-1,519018561E-1;6,094262864E-1
2,069850867E1;-6,182292104E-1;-1,022725552E-1;2,300000191E-1;6,675080830E-1
2,070857567E1;-6,730277538E-1;-4,050630331E-1;5,752583146E-1;9,736347091E-1
2,071864267E1;-8,514400125E-1;-7,935668826E-1;8,755033016E-1;1,456435554E0
2,072870967E1;-1,147057176E0;-1,215076566E0;1,144996524E0;2,025627869E0
2,073877567E1;-1,455442190E0;-1,596395493E0;1,344617248E0;2,544560096E0
2,074884267E1;-1,689576983E0;-1,699353814E0;1,453150988E0;2,802520573E0
2,075890967E1;-1,804015756E0;-1,549513340E0;1,459146142E0;2,790084569E0
2,076897667E1;-1,794382572E0;-1,206629157E0;1,374827743E0;2,562403961E0
2,077904367E1;-1,680336237E0;-7,971990108E-1;1,227852583E0;2,228604518E0
2,078911067E1;-1,475866556E0;-4,781281054E-1;1,068800330E0;1,883911548E0
2,079917688E1;-1,203515053E0;-4,526423216E-1;9,517887235E-1;1,599761022E0
2,080924388E1;-9,024630785E-1;-6,617952585E-1;9,259166718E-1;1,452492429E0
2,081931087E1;-6,336137056E-1;-8,849367499E-1;8,801189661E-1;1,399710246E0
2,082937787E1;-3,909888268E-1;-9,042529464E-1;8,621950746E-1;1,309169966E0
2,083944488E1;-1,924656630E-1;-7,677964568E-1;8,177000880E-1;1,138063208E0
2,084951187E1;-2,643888444E-2;-4,680640399E-1;7,440389395E-1;8,794185031E-1
2,085957788E1;1,188811809E-1;-4,646421224E-2;6,560391784E-1;6,683405283E-1
2,086964487E1;2,427557260E-1;4,623326957E-1;5,518331528E-1;7,597379104E-1
2,087971187E1;3,272497356E-1;9,666981101E-1;4,365145266E-1;1,110019170E0
2,088977888E1;3,568164408E-1;1,367629647E0;3,006360531E-1;1,445029709E0
2,089984587E1;3,242943585E-1;1,569940686E0;1,504817158E-1;1,610132087E0
2,090991287E1;2,031783164E-1;1,566067696E0;1,641152613E-2;1,579277934E0
2,091997887E1;-1,927122241E-3;1,383719087E0;-9,411919117E-2;1,386917678E0
2,093004587E1;-2,769613564E-1;1,244695425E0;-1,536062360E-1;1,284355546E0
2,094011288E1;-5,673042536E-1;1,244487405E0;-1,634847820E-1;1,377428870E0
2,095017987E1;-8,303284049E-1;1,312169075E0;-1,493271589E-1;1,559978058E0
2,096024687E1;-1,005214095E0;1,423077583E0;-1,498503685E-1;1,748731059E0
2,097031388E1;-1,045716166E0;1,557821870E0;-1,918020844E-1;1,886032693E0
2,098037988E1;-9,673790932E-1;1,560590982E0;-2,704106569E-1;1,855906368E0
2,099044688E1;-8,012058139E-1;1,287510395E0;-3,218101859E-1;1,550217910E0
2,100051387E1;-5,694948435E-1;7,827799320E-1;-3,220904171E-1;1,020201468E0
2,101058087E1;-3,082587123E-1;2,322930694E-1;-2,678865790E-1;4,698369111E-1
2,102064788E1;-5,405978858E-2;-2,730328739E-1;-1,784478724E-1;3,306252473E-1
2,103071487E1;1,572540551E-1;-7,279940248E-1;-6,215002388E-2;7,473732424E-1
2,104078088E1;2,982153893E-1;-1,026360393E0;4,982439429E-2;1,069967543E0
2,105084787E1;3,675944507E-1;-1,177457452E0;1,362053454E-1;1,241001058E0
2,106091487E1;3,683182001E-1;-1,196675777E0;2,284518629E-1;1,272745641E0
2,107098188E1;3,205839694E-1;-1,071793199E0;3,357509077E-1;1,168008311E0
2,108104887E1;2,472930849E-1;-9,085317850E-1;4,150643051E-1;1,029010326E0
2,109111587E1;1,731285751E-1;-8,086019754E-1;4,393054545E-1;9,363759611E-1
2,110118187E1;1,242465824E-1;-7,906881571E-1;4,420887530E-1;9,143672350E-1
2,111124887E1;1,312480271E-1;-8,685349822E-1;4,343591928E-1;9,799219195E-1
2,112131588E1;2,042528093E-1;-1,011630058E0;4,278001785E-1;1,117196302E0
2,113138287E1;3,151995540E-1;-1,124890924E0;3,965940773E-1;1,233700616E0
2,114144987E1;4,018058777E-1;-1,105656624E0;3,267103732E-1;1,220927599E0
2,115151688E1;4,114483893E-1;-1,061695576E0;2,776150107E-1;1,171988638E0
2,116158288E1;3,692894876E-1;-1,027261853E0;2,448209375E-1;1,118739886E0
2,117164988E1;2,827072144E-1;-9,461986423E-1;2,023294121E-1;1,008043863E0
2,118171687E1;1,849607378E-1;-8,467552662E-1;1,273755431E-1;8,760305271E-1
2,119178387E1;1,113674641E-1;-7,135993242E-1;5,593305454E-2;7,243998994E-1
2,120185088E1;8,937890083E-2;-5,908878446E-1;1,144808251E-2;5,977190739E-1
2,121191787E1;1,221634820E-1;-5,956234336E-1;-5,264408514E-2;6,102971331E-1
2,122198388E1;1,892260462E-1;-6,022320390E-1;-1,211697161E-1;6,427845871E-1
2,123205087E1;2,829304338E-1;-5,157261491E-1;-1,859111786E-1;6,169165726E-1
2,124211787E1;3,813623488E-1;-4,051478803E-1;-2,475692630E-1;6,089930919E-1
2,125218488E1;4,631602764E-1;-3,387177289E-1;-2,933782935E-1;6,444516775E-1
2,126225187E1;4,907604754E-1;-3,132483363E-1;-2,493890971E-1;6,333761017E-1
2,127231788E1;5,001428127E-1;-3,257574737E-1;-1,769340634E-1;6,225483335E-1
2,128238487E1;5,157257318E-1;-2,828526497E-1;-1,667057723E-1;6,113668837E-1
2,129245187E1;5,376193523E-1;-2,234306037E-1;-1,787717640E-1;6,090280341E-1
2,130251888E1;5,901300907E-1;-1,912283301E-1;-1,674006581E-1;6,425299826E-1
2,131258587E1;6,762273908E-1;-2,052109838E-1;-1,211188957E-1;7,169831370E-1
2,132265287E1;7,771798372E-1;-2,308977097E-1;-6,033293530E-2;8,129958886E-1
2,133271887E1;8,510452509E-1;-2,298273891E-1;-3,578125313E-2;8,822578682E-1
2,134278587E1;8,617591262E-1;-1,684331596E-1;-3,282035515E-2;8,786783806E-1
2,135285288E1;7,924721837E-1;-6,377093494E-2;-2,378797904E-2;7,953896919E-1
2,136291987E1;6,516054273E-1;3,660407662E-2;1,366218179E-2;6,527757245E-1
2,137298687E1;4,824800789E-1;1,276072115E-1;6,708386540E-2;5,035582111E-1
2,138305388E1;3,375225663E-1;1,745092422E-1;1,170742735E-1;3,975944465E-1
2,139311988E1;2,625564635E-1;1,769194007E-1;1,534924656E-1;3,518469950E-1
2,140318688E1;2,481587678E-1;1,522495747E-1;1,745499223E-1;3,394560096E-1
2,141325387E1;2,979417443E-1;1,448300183E-1;1,874236465E-1;3,806213873E-1
2,142332087E1;4,039618969E-1;1,940029860E-1;1,891403049E-1;4,864117881E-1
2,143338788E1;5,154934525E-1;2,728644907E-1;1,891552210E-1;6,131624806E-1
2,144345487E1;5,917548537E-1;3,084135652E-1;2,079974711E-1;6,989675830E-1
2,145352088E1;6,265628934E-1;3,101864159E-1;2,539039850E-1;7,438171184E-1
2,146358787E1;6,445600390E-1;3,136670291E-1;3,015920520E-1;7,776904364E-1
2,147365487E1;6,665758491E-1;3,370924592E-1;3,234978616E-1;8,140058692E-1
2,148372188E1;7,174744010E-1;3,687710464E-1;2,876293063E-1;8,564416026E-1
2,149378887E1;8,332198858E-1;3,225899935E-1;1,850832105E-1;9,124557397E-1
2,150385587E1;9,891791940E-1;2,378789335E-1;5,407410115E-2;1,018815917E0
2,151392187E1;1,151507735E0;1,832026392E-1;-6,706537306E-2;1,167917392E0
2,152398887E1;1,262907982E0;2,006559968E-1;-1,569554508E-1;1,288345611E0
2,153405588E1;1,288150787E0;2,614634335E-1;-2,577238977E-1;1,339446597E0
2,154412287E1;1,208902001E0;3,446065784E-1;-3,490805030E-1;1,304628277E0
2,155418987E1;1,052392840E0;4,065365195E-1;-3,840512633E-1;1,191762562E0
2,156425688E1;8,638806343E-1;3,690640330E-1;-3,542464972E-1;1,003986350E0
2,157432288E1;7,179777622E-1;2,475898117E-1;-3,037806451E-1;8,179703309E-1
2,158438988E1;6,694477797E-1;6,670225412E-2;-2,802066505E-1;7,287834297E-1
2,159445687E1;7,094671130E-1;-9,894556552E-2;-2,822487652E-1;7,699338769E-1
2,160452387E1;7,909215093E-1;-2,073631138E-1;-2,899269164E-1;8,675332337E-1
2,161459088E1;8,556964993E-1;-2,539258301E-1;-2,621938288E-1;9,302905084E-1
2,162465688E1;8,776781559E-1;-2,714196444E-1;-2,099084407E-1;9,423635828E-1
2,163472388E1;8,319793344E-1;-2,423648089E-1;-1,522952169E-1;8,798432511E-1
2,164479087E1;7,245072722E-1;-2,301355153E-1;-9,214332700E-2;7,657437794E-1
2,165485787E1;5,874604583E-1;-2,689116597E-1;-2,766979672E-2;6,466752573E-1
2,166492488E1;4,902539551E-1;-3,247646093E-1;-1,424705703E-2;5,882380221E-1
2,167499187E1;4,537449479E-1;-3,719289303E-1;-3,926265985E-2;5,880111933E-1
2,168505788E1;4,489675760E-1;-3,733602464E-1;-5,560950562E-2;5,865681333E-1
2,169512487E1;4,290809333E-1;-3,126889169E-1;-4,361303151E-2;5,327165312E-1
2,170519187E1;3,708667159E-1;-2,094102949E-1;1,095701102E-2;4,260455946E-1
2,171525888E1;2,741167247E-1;-2,154398710E-2;9,277491271E-2;2,901918445E-1
2,172532587E1;1,844834834E-1;2,771500647E-1;1,838850528E-1;3,803419865E-1
2,173539287E1;1,141382009E-1;5,781967640E-1;2,494800389E-1;6,399838409E-1
2,174545887E1;1,093103811E-1;7,889140248E-1;2,927948833E-1;8,485652253E-1
2,175552588E1;1,597226709E-1;8,805254102E-1;3,036105037E-1;9,449950622E-1
2,176559288E1;2,274250090E-1;8,618668914E-1;3,157841563E-1;9,456512605E-1
2,177565987E1;2,828080952E-1;8,367178440E-1;3,601894379E-1;9,538414965E-1
2,178572687E1;2,734439671E-1;8,678922057E-1;4,335145950E-1;1,007940171E0
2,179579287E1;1,928002685E-1;9,759563804E-1;5,038092732E-1;1,115117296E0
2,180586075E1;8,001101017E-2;1,031913757E0;5,793624520E-1;1,186131787E0
2,181592775E1;-2,502406202E-2;9,670878053E-1;6,025705338E-1;1,139726404E0
2,182599475E1;-7,022118568E-2;7,336342931E-1;5,629341006E-1;9,273861615E-1
2,183606175E1;-5,580069870E-2;3,284891844E-1;4,710102677E-1;5,769484678E-1
2,184612875E1;-6,228628382E-2;-1,145181656E-1;3,513950706E-1;3,747965942E-1
2,185619475E1;-1,827298701E-1;-4,236120880E-1;2,139163017E-1;5,085249164E-1
2,186626175E1;-3,896723688E-1;-5,160112977E-1;1,174755692E-1;6,572006723E-1
2,187632875E1;-5,340614915E-1;-4,468902946E-1;1,336348355E-1;7,090774861E-1
2,188639575E1;-5,577798486E-1;-3,367164731E-1;1,887784600E-1;6,783315190E-1
2,189646275E1;-5,024345517E-1;-2,774819136E-1;2,034026831E-1;6,089411652E-1
2,190652975E1;-3,972756267E-1;-3,065130413E-1;1,653914303E-1;5,283299094E-1
2,191659575E1;-2,691141963E-1;-3,529205024E-1;6,706566364E-2;4,488575887E-1
2,192666275E1;-1,413846463E-1;-3,748471737E-1;-6,122945249E-2;4,052765324E-1
2,193672975E1;-3,645025194E-2;-3,673922122E-1;-1,978022009E-1;4,188452806E-1
2,194679675E1;4,988666251E-2;-3,399410248E-1;-3,207047582E-1;4,700001291E-1
2,195686375E1;1,198958382E-1;-2,565566599E-1;-4,060638547E-1;4,950597801E-1
2,196693075E1;1,649131179E-1;-3,314671293E-2;-4,576388896E-1;4,875739885E-1
2,197699675E1;1,835355312E-1;3,683000505E-1;-4,882021248E-1;6,384916077E-1
2,198706375E1;1,397663206E-1;8,255803585E-1;-5,158709884E-1;9,834838226E-1
2,199713075E1;-5,941841751E-2;1,025732994E0;-5,268594623E-1;1,154659957E0
2,200719775E1;-4,398419261E-1;8,954753876E-1;-5,248199105E-1;1,127285691E0
2,201726475E1;-8,626746535E-1;5,948804021E-1;-5,322458744E-1;1,175319498E0
2,202733075E1;-1,077216744E0;4,835963845E-1;-5,207147002E-1;1,290505783E0
2,203739775E1;-1,086837173E0;4,788650274E-1;-4,780122340E-1;1,280243121E0
2,204746475E1;-1,035758734E0;4,078783095E-1;-4,232313335E-1;1,190917979E0
2,205753175E1;-9,354053736E-1;2,941102087E-1;-3,709108829E-1;1,048360106E0
2,206759875E1;-8,040288091E-1;1,168337613E-1;-3,563412428E-1;8,871817936E-1
2,207766575E1;-6,454184055E-1;-1,530483216E-1;-3,333278000E-1;7,423584910E-1
2,208773175E1;-4,109436274E-1;-4,904843569E-1;-2,795318663E-1;6,982747550E-1
2,209779875E1;-1,275617033E-1;-6,454367042E-1;-2,141581774E-1;6,918990188E-1
2,210786575E1;6,471323967E-2;-6,157286167E-1;-1,914610714E-1;6,480485126E-1
2,211793275E1;1,045549288E-1;-5,147956014E-1;-2,310375124E-1;5,738680828E-1
2,212799975E1;9,349885583E-2;-4,198965728E-1;-3,137541711E-1;5,324442204E-1
2,213806675E1;7,596779615E-2;-3,292508125E-1;-4,532026052E-1;5,653050548E-1
2,214813275E1;5,572058260E-2;-2,277225852E-1;-6,124988198E-1;6,558331826E-1
2,215819975E1;5,651447177E-2;-1,374363601E-1;-7,392091155E-1;7,539978482E-1
2,216826675E1;9,049921483E-2;-7,720541954E-2;-8,319103718E-1;8,403723290E-1
2,217833375E1;1,483249664E-1;-5,826315284E-2;-8,609396219E-1;8,755637745E-1
2,218840075E1;2,241592109E-1;-9,078198671E-2;-7,633113265E-1;8,007077508E-1
2,219846675E1;3,186609447E-1;-1,465003788E-1;-5,781065822E-1;6,761762929E-1
2,220853375E1;3,820510805E-1;-2,374226451E-1;-3,906547427E-1;5,957714902E-1
2,221860075E1;3,259302676E-1;-3,162008226E-1;-1,816357672E-1;4,890859346E-1
2,222866775E1;1,569912732E-1;-3,732217550E-1;5,848570541E-2;4,090981741E-1
2,223873475E1;-4,986443371E-2;-3,640740514E-1;2,434462458E-1;4,407975173E-1
2,224880175E1;-2,637739182E-1;-2,138293535E-1;2,689518631E-1;4,331683009E-1
2,225886775E1;-3,884955943E-1;1,158854365E-1;1,918634772E-1;4,485196262E-1
2,226893475E1;-3,486515284E-1;3,299548626E-1;1,937034577E-1;5,176380290E-1
2,227900175E1;-2,580047250E-1;3,439297974E-1;2,673441172E-1;5,062874881E-1
2,228906875E1;-1,030030027E-1;2,931858897E-1;3,430381715E-1;4,628636642E-1
2,229913575E1;1,142832413E-1;2,563309371E-1;4,521262944E-1;5,321507255E-1
2,230920175E1;2,993233204E-1;2,508981228E-1;5,335437655E-1;6,612210431E-1
2,231926875E1;4,154123664E-1;2,611928582E-1;5,288342237E-1;7,214255191E-1
2,232933575E1;4,592505395E-1;4,262436032E-1;4,955743253E-1;7,988670598E-1
2,233940275E1;4,235844314E-1;7,072907090E-1;4,064268768E-1;9,191663200E-1
2,234946975E1;2,996120155E-1;9,686359763E-1;2,722850144E-1;1,049839104E0
2,235953675E1;1,829772890E-1;1,251418710E0;1,431957483E-1;1,272805758E0
2,236960275E1;8,310917020E-2;1,519063830E0;6,250074506E-2;1,522618927E0
2,237966975E1;1,122645754E-2;1,739473939E0;5,417969823E-2;1,740353716E0
2,238973675E1;-2,133770473E-2;1,875676513E0;1,031251922E-1;1,878630481E0
2,239980375E1;-5,244475603E-2;1,867035627E0;1,904294789E-1;1,877454626E0
2,240987075E1;-7,688912749E-2;1,736246943E0;2,636460364E-1;1,757832364E0
2,241993775E1;-7,060779631E-2;1,601246238E0;2,418866903E-1;1,620951617E0
2,243000375E1;1,188322064E-2;1,531517744E0;1,561741978E-1;1,539505827E0
2,244007075E1;1,619880199E-1;1,492450476E0;6,030518934E-2;1,502426456E0
2,245013775E1;3,598070145E-1;1,442514181E0;-1,557045989E-2;1,486792080E0
2,246020475E1;6,300483346E-1;1,439467788E0;-7,748523355E-2;1,573223562E0
2,247027175E1;9,499706626E-1;1,481338382E0;-1,576594263E-1;1,766823182E0
2,248033775E1;1,255562663E0;1,431351662E0;-2,082528323E-1;1,915352297E0
2,249040475E1;1,489703655E0;1,336786389E0;-2,275464684E-1;2,014445886E0
2,250047175E1;1,637184620E0;1,219099760E0;-1,771038026E-1;2,048888348E0
2,251053875E1;1,716321588E0;1,152059078E0;-8,766058087E-2;2,068981462E0
2,252060575E1;1,698305130E0;1,095010161E0;3,216275573E-2;2,020970562E0
2,253067275E1;1,595389724E0;1,078201294E0;1,270591915E-1;1,929748802E0
2,254073875E1;1,423202038E0;1,124516129E0;1,731092334E-1;1,822088739E0
2,255080575E1;1,199963927E0;1,284468889E0;1,349278986E-1;1,762946197E0
2,256087275E1;9,470082521E-1;1,489242554E0;3,711133078E-2;1,765232354E0
2,257093975E1;7,089678645E-1;1,647835255E0;-2,463378198E-2;1,794046622E0
2,258100675E1;5,186759830E-1;1,704228520E0;-4,178959876E-2;1,781899547E0
2,259107275E1;3,936116993E-1;1,675030112E0;-1,082096901E-2;1,720689728E0
2,260113975E1;3,317765594E-1;1,654027820E0;7,737067342E-2;1,688748038E0
2,261120675E1;3,111863136E-1;1,629436016E0;1,892563403E-1;1,669645655E0
2,262127375E1;3,220355213E-1;1,585834980E0;2,606527805E-1;1,639060503E0
2,263134075E1;3,616355360E-1;1,499737501E0;2,745993137E-1;1,566970841E0
2,264140775E1;4,227260351E-1;1,373247504E0;2,678063810E-1;1,461583479E0
2,265147375E1;5,033480525E-1;1,263581991E0;2,416810393E-1;1,381451568E0
2,266154075E1;5,696237087E-1;1,199662924E0;2,089489251E-1;1,344366748E0
2,267160775E1;5,964740515E-1;1,125704169E0;1,915671229E-1;1,288289227E0
2,268167475E1;5,461179018E-1;1,008243799E0;1,815629601E-1;1,160933000E0
2,269174175E1;4,325631261E-1;9,030156732E-1;1,687846333E-1;1,015399634E0
2,270180775E1;3,010365367E-1;8,233900666E-1;1,436997801E-1;8,883939582E-1
2,271187475E1;2,108538598E-1;7,506297231E-1;1,376222819E-1;7,917349454E-1
2,272194175E1;1,869607866E-1;6,962828636E-1;1,534616947E-1;7,370988086E-1
2,273200875E1;2,382309437E-1;6,346198916E-1;1,624568552E-1;6,970571133E-1
2,274207575E1;3,410590291E-1;5,472213030E-1;1,493913829E-1;6,618838275E-1
2,275214275E1;4,209011793E-1;4,294553399E-1;1,130202711E-1;6,118523297E-1
2,276220875E1;4,300525784E-1;3,099076152E-1;1,027298123E-1;5,399457051E-1
2,277227575E1;3,797554076E-1;2,384695411E-1;1,136221439E-1;4,625925671E-1
2,278234275E1;3,119665086E-1;2,220024168E-1;1,303990036E-1;4,044898957E-1
2,279240975E1;2,395562530E-1;2,151141316E-1;1,344686151E-1;3,489170336E-1
2,280247663E1;1,443157643E-1;1,613917798E-1;1,260628849E-1;2,505318290E-1
2,281254263E1;-1,436168104E-1;1,889795661E-1;8,263509721E-2;2,513317010E-1
2,282260963E1;-3,027729094E-1;6,411059201E-2;-1,787020452E-2;3,100015272E-1
2,283267662E1;-2,282079309E-1;-1,576326042E-1;-8,770228922E-2;2,908927452E-1
2,284274363E1;-6,642089039E-2;-3,927740157E-1;-1,387923658E-1;4,218370335E-1
2,285281063E1;5,709222704E-2;-5,837040544E-1;-1,158811301E-1;5,978280537E-1
2,286287762E1;6,586468220E-2;-6,475994587E-1;-7,411983609E-2;6,551465221E-1